Date,Downside Market Shock,Real Yield Shock
2018-09-21,0.5587458592732056,1.292528309772679
2018-09-24,0.5587458592732056,1.3682396256832183
2018-09-25,0.5587458592732056,1.5196622575042964
2018-09-26,0.5587458592732056,1.292528309772679
2018-09-27,0.5587458592732056,0.989683046130521
2018-09-28,0.5587458592732056,0.989683046130521
2018-10-01,0.5587458592732056,1.3682396256832174
2018-10-02,0.5587458592732056,1.0653943620410604
2018-10-03,0.5587458592732056,1.3682396256832174
2018-10-04,0.5587458592732056,1.595373573414836
2018-10-05,0.5587458592732056,1.9739301529675333
2018-10-08,0.5587458592732056,1.9739301529675333
2018-10-09,0.5587458592732056,1.443950941593758
2018-10-10,-1.1107551226578878,1.5953735734148367
2018-10-11,-2.205652186266204,1.1411056779516
2018-10-12,-1.8244953316147168,1.292528309772679
2018-10-15,-2.1050080166178144,1.1411056779516
2018-10-16,-0.7893041013543053,0.989683046130521
2018-10-17,-1.047679162296963,1.2168169938621394
2018-10-18,-1.8104508553435168,1.0653943620410604
2018-10-19,-2.226275630981975,1.1411056779516
2018-10-22,-2.398252075378931,1.2168169938621394
2018-10-23,-2.483262100575716,1.1411056779516
2018-10-24,-3.888702465479396,0.7625490983989027
2018-10-25,-2.9144589258985687,1.0653943620410613
2018-10-26,-3.87737188175215,0.6868377824883632
2018-10-29,-4.1392770075866,0.7625490983989027
2018-10-30,-3.6175308147202507,1.1411056779516
2018-10-31,-3.0915199203772437,1.0653943620410613
2018-11-01,-2.615415204909314,1.3682396256832183
2018-11-02,-2.524462267834296,1.2168169938621385
2018-11-05,-1.9906010873155704,0.762549098398902
2018-11-06,-1.684973919025748,0.5354151506672835
2018-11-07,-0.571797680251665,0.762549098398902
2018-11-08,0.5587458592732056,0.762549098398902
2018-11-09,0.5587458592732056,0.9139717302199808
2018-11-12,-0.06408507358463708,0.9139717302199808
2018-11-13,0.12510535793918962,0.6111264665778247
2018-11-14,-1.2909919772101774,0.6111264665778247
2018-11-15,-0.7884242776174658,0.5354151506672852
2018-11-16,0.06754028422912728,-0.07027537661703055
2018-11-19,-0.7573521401360979,-0.07027537661703055
2018-11-20,-1.4548179237578691,-0.07027537661703055
2018-11-21,-1.037658290277502,-0.07027537661703055
2018-11-23,0.16202099160627215,0.0054359392935089115
2018-11-26,0.07299257191659732,0.5354151506672852
2018-11-27,0.5587458592732056,0.38399251884620456
2018-11-28,0.5587458592732056,0.6868377824883641
2018-11-29,0.5587458592732056,0.15685857111458787
2018-11-30,0.5587458592732056,-0.2974093243486489
2018-12-03,0.5587458592732056,-0.6759659039013463
2018-12-04,0.25203329952622505,-1.2059451152751226
2018-12-06,-0.10153868202597881,-1.5087903789172787
2018-12-07,-1.5759722104858078,-1.4330790630067394
2018-12-10,-2.5065729724336947,-1.2816564311856604
2018-12-11,-2.408814147389487,-0.7516772198118841
2018-12-12,-1.692997159030732,-0.7516772198118841
2018-12-13,-0.7844427565419213,-0.6002545879908051
2018-12-14,-1.607450863299765,-0.4488319561697279
2018-12-17,-2.233994821831357,-0.6002545879908068
2018-12-18,-2.782516219491687,-0.8273885357224252
2018-12-19,-3.61537656263492,-0.7516772198118857
2018-12-20,-3.58514664764429,-0.3731206402591884
2018-12-21,-3.6795316844509314,-0.6002545879908068
2018-12-24,-5.065242419926993,-0.8273885357224252
2018-12-26,-2.460786123949002,-0.4488319561697279
2018-12-27,-2.859336500080399,-0.6759659039013463
2018-12-28,-3.0793629732731747,-1.2816564311856604
2018-12-31,-3.7377536605511343,-1.1302337993645832
2019-01-02,-3.5872557459326457,-0.7516772198118857
2019-01-03,-4.9779382457033226,-1.2816564311856613
2019-01-04,-4.072148905237235,-0.9030998516329638
2019-01-07,-2.147779075788188,-0.44883195616972704
2019-01-08,-1.6216375777002712,-0.5245432720802665
2019-01-09,-0.23099553532364359,-0.44883195616972704
2019-01-10,-0.14954293918871486,-0.5245432720802665
2019-01-11,-0.14156120327498034,-1.4330790630067403
2019-01-14,-0.6972280806067696,-1.4330790630067403
2019-01-15,-0.11183694677097833,-1.3573677470962007
2019-01-16,0.5587458592732056,-1.2816564311856613
2019-01-17,0.5587458592732056,-0.7516772198118857
2019-01-18,0.5587458592732056,-0.4488319561697279
2019-01-22,0.5587458592732056,-0.22169800843810947
2019-01-23,0.5587458592732056,-0.6002545879908068
2019-01-24,0.5587458592732056,-0.6002545879908068
2019-01-25,0.5587458592732056,-0.22169800843810947
2019-01-28,0.5587458592732056,-0.6002545879908068
2019-01-29,0.5587458592732056,-0.7516772198118857
2019-01-30,0.5587458592732056,-1.0545224834540428
2019-01-31,0.5587458592732056,-1.5845016948278183
2019-02-01,0.5587458592732056,-1.1302337993645823
2019-02-04,0.5587458592732056,-0.22169800843810947
2019-02-05,0.5587458592732056,-0.6002545879908068
2019-02-06,0.5587458592732056,-0.6759659039013463
2019-02-07,0.5587458592732056,-0.8273885357224243
2019-02-08,0.5587458592732056,-0.8273885357224243
2019-02-11,0.5587458592732056,-0.8273885357224252
2019-02-12,0.5587458592732056,-0.2974093243486489
2019-02-13,0.5587458592732056,-0.4488319561697279
2019-02-14,0.5587458592732056,-0.8273885357224243
2019-02-15,0.5587458592732056,-0.9030998516329638
2019-02-19,0.5587458592732056,-1.4330790630067394
2019-02-20,0.5587458592732056,-1.5845016948278183
2019-02-21,0.5587458592732056,-1.3573677470961998
2019-02-22,0.5587458592732056,-1.7359243266488973
2019-02-25,0.5587458592732056,-1.5845016948278183
2019-02-26,0.5587458592732056,-1.9630582743805156
2019-02-27,0.5587458592732056,-1.6602130107383577
2019-02-28,0.5587458592732056,-1.2816564311856604
2019-03-01,0.5587458592732056,-0.5245432720802665
2019-03-04,0.5587458592732056,-0.07027537661703055
2019-03-05,0.5587458592732056,-0.2974093243486481
2019-03-06,0.5587458592732056,-0.6759659039013455
2019-03-07,0.5587458592732056,-0.8273885357224243
2019-03-08,0.5587458592732056,-0.9788111675435034
2019-03-11,0.5587458592732056,-0.6759659039013463
2019-03-12,0.5587458592732056,-0.8273885357224252
2019-03-13,0.5587458592732056,-1.1302337993645823
2019-03-14,0.5587458592732056,-1.2816564311856613
2019-03-15,0.5587458592732056,-1.5845016948278183
2019-03-18,0.5587458592732056,-1.3573677470962007
2019-03-19,0.5587458592732056,-1.1302337993645823
2019-03-20,0.5587458592732056,-1.5845016948278192
2019-03-21,0.5587458592732056,-1.4330790630067403
2019-03-22,0.5587458592732056,-1.8873469584699762
2019-03-25,0.5587458592732056,-1.5087903789172787
2019-03-26,0.5587458592732056,-1.5845016948278183
2019-03-27,0.5587458592732056,-1.3573677470961998
2019-03-28,0.5587458592732056,-1.5845016948278183
2019-03-29,0.5587458592732056,-1.9630582743805156
2019-04-01,0.5587458592732056,-1.6602130107383586
2019-04-02,0.5587458592732056,-1.5845016948278192
2019-04-03,0.5587458592732056,-1.4330790630067403
2019-04-04,0.5587458592732056,-1.3573677470962007
2019-04-05,0.5587458592732056,-1.1302337993645823
2019-04-08,0.5587458592732056,-0.9030998516329638
2019-04-09,0.5587458592732056,-1.0545224834540428
2019-04-10,0.5587458592732056,-1.3573677470961998
2019-04-11,0.5587458592732056,-0.9788111675435034
2019-04-12,0.5587458592732056,-0.6759659039013455
2019-04-15,0.5587458592732056,-0.3731206402591884
2019-04-16,0.5587458592732056,-0.07027537661703055
2019-04-17,0.5587458592732056,-0.14598669252757002
2019-04-18,0.5587458592732056,0.23256988702512732
2019-04-22,0.5587458592732056,0.3839925188462063
2019-04-23,0.5587458592732056,0.5354151506672843
2019-04-24,0.5587458592732056,0.08114725520404753
2019-04-25,0.5587458592732056,0.0054359392935089115
2019-04-26,0.5587458592732056,-0.14598669252757002
2019-04-29,0.5587458592732056,0.08114725520404753
2019-04-30,0.5587458592732056,0.15685857111458787
2019-05-01,0.5587458592732056,-0.07027537661703055
2019-05-02,0.5587458592732056,0.5354151506672852
2019-05-03,0.5587458592732056,0.08114725520404838
2019-05-06,0.5587458592732056,-0.14598669252757002
2019-05-07,0.445964252736402,-0.22169800843810947
2019-05-08,0.33689760266337404,0.0054359392935089115
2019-05-09,0.44371290836667127,-0.07027537661703055
2019-05-10,0.5252364324509069,0.30828120293566597
2019-05-13,-0.7380161464004747,-0.22169800843810863
2019-05-14,-0.6259061001987545,-0.44883195616972704
2019-05-15,-0.30228887701718443,-0.600254587990806
2019-05-16,0.12764652034351062,-0.6759659039013455
2019-05-17,-0.07545307606184544,-0.6002545879908068
2019-05-20,-0.5054995372496175,-0.22169800843810947
2019-05-21,-0.09991595054115977,-0.3731206402591884
2019-05-22,-0.6999619208144319,-0.22169800843810947
2019-05-23,-1.1969610103219062,0.0054359392935089115
2019-05-24,-1.0552466364496385,-0.07027537661703055
2019-05-28,-1.7392717207822925,-0.14598669252757002
2019-05-29,-2.140569349765793,-0.6759659039013455
2019-05-30,-2.0336946419424002,-0.6759659039013463
2019-05-31,-2.3234015915363697,-1.5087903789172787
2019-06-03,-2.3418829607924927,-2.4930374857542916
2019-06-04,-1.7759314696722421,-1.9630582743805156
2019-06-05,-1.153481620439014,-1.8116356425594367
2019-06-06,0.005962651570270524,-1.5087903789172787
2019-06-07,0.5587458592732056,-2.1144809062015946
2019-06-10,0.5587458592732056,-1.4330790630067398
2019-06-11,0.5587458592732056,-1.2816564311856609
2019-06-12,0.5587458592732056,-1.0545224834540432
2019-06-13,0.5587458592732056,-1.1302337993645828
2019-06-14,0.5587458592732056,-0.6759659039013458
2019-06-17,0.5587458592732056,-0.6759659039013463
2019-06-18,0.5587458592732056,-1.2816564311856609
2019-06-19,0.5587458592732056,-1.8873469584699762
2019-06-20,0.5587458592732056,-2.5687488016648303
2019-06-21,0.5587458592732056,-2.0387695902910545
2019-06-24,0.5587458592732056,-2.114480906201594
2019-06-25,0.5587458592732056,-1.811635642559437
2019-06-26,0.5587458592732056,-1.4330790630067403
2019-06-27,0.5587458592732056,-1.3573677470962002
2019-06-28,0.5587458592732056,-1.3573677470962002
2019-07-01,0.5587458592732056,-0.524543272080267
2019-07-02,0.5587458592732056,-0.14598669252757002
2019-07-03,0.5587458592732056,-0.6002545879908063
2019-07-05,0.5587458592732056,-0.22169800843810947
2019-07-08,0.5587458592732056,-0.3731206402591884
2019-07-09,0.5587458592732056,0.0054359392935089115
2019-07-10,0.5587458592732056,-0.7516772198118848
2019-07-11,0.5587458592732056,-0.6002545879908063
2019-07-12,0.5587458592732056,-0.6002545879908063
2019-07-15,0.5587458592732056,-0.8273885357224243
2019-07-16,0.5587458592732056,-1.0545224834540428
2019-07-17,0.5587458592732056,-1.3573677470962002
2019-07-18,0.5587458592732056,-1.3573677470962002
2019-07-19,0.5587458592732056,-0.9030998516329638
2019-07-22,0.5587458592732056,-0.14598669252757002
2019-07-23,0.5587458592732056,-0.6002545879908063
2019-07-24,0.5587458592732056,-0.44883195616972743
2019-07-25,0.5587458592732056,-0.44883195616972743
2019-07-26,0.5587458592732056,-0.44883195616972743
2019-07-29,0.5587458592732056,-0.3731206402591884
2019-07-30,0.5587458592732056,-0.29740932434864853
2019-07-31,0.5587458592732056,-0.6759659039013458
2019-08-01,0.28599840772290985,-1.0545224834540428
2019-08-02,-0.49295945356044013,-0.9030998516329638
2019-08-05,-1.9354823150697844,-1.5845016948278186
2019-08-06,-0.9865076259167866,-1.8873469584699762
2019-08-07,-1.0188124791935154,-2.1144809062015946
2019-08-08,-0.2909936661077099,-2.038769590291055
2019-08-09,-0.7476823125055296,-2.1901922221121337
2019-08-12,-1.5689160240769349,-2.417326169843752
2019-08-13,-0.8276571184519225,-2.1144809062015946
2019-08-14,-2.134847065199287,-2.417326169843752
2019-08-15,-1.6768063403720774,-2.5687488016648308
2019-08-16,-1.1394534719926783,-1.8873469584699762
2019-08-19,-0.26945183941303286,-1.660213010738358
2019-08-20,-0.7743806713840738,-1.8873469584699765
2019-08-21,-0.725903528163575,-1.7359243266488977
2019-08-22,-0.9729470341162847,-1.5087903789172792
2019-08-23,-2.009135894184015,-2.341614853933213
2019-08-26,-1.800114810951426,-2.3416148539332124
2019-08-27,-1.9022393727261941,-2.7201714334859095
2019-08-28,-1.4415885788840765,-2.795882749396449
2019-08-29,-0.270411238349963,-2.7201714334859095
2019-08-30,0.1465607769107454,-1.9630582743805156
2019-09-03,0.23205337161734485,-1.8116356425594369
2019-09-04,0.5587458592732056,-1.5087903789172792
2019-09-05,0.5587458592732056,-0.8273885357224245
2019-09-06,0.5587458592732056,-0.6759659039013457
2019-09-09,0.5587458592732056,-0.14598669252757002
2019-09-10,0.5587458592732056,0.23256988702512701
2019-09-11,0.5587458592732056,0.7625490983989027
2019-09-12,0.5587458592732056,0.7625490983989028
2019-09-13,0.5587458592732056,1.5196622575042968
2019-09-16,0.5587458592732056,1.3682396256832179
2019-09-17,0.5587458592732056,0.9896830461305208
2019-09-18,0.5587458592732056,1.216816993862139
2019-09-19,0.5587458592732056,1.1411056779515998
2019-09-20,0.5587458592732056,0.5354151506672846
2019-09-23,0.5587458592732056,0.23256988702512701
2019-09-24,0.5587458592732056,0.5354151506672846
2019-09-25,0.5587458592732056,0.9139717302199817
2019-09-26,0.5587458592732056,1.3682396256832179
2019-09-27,0.5587458592732056,1.746796205235915
2019-09-30,0.5587458592732056,1.746796205235915
2019-10-01,0.5587458592732056,1.2925283097726785
2019-10-02,0.3226713766872043,0.9139717302199817
2019-10-03,0.1646668602946321,0.6868377824883635
2019-10-04,0.19837423810600346,0.0054359392935088464
2019-10-07,-0.0582566236940422,0.23256988702512707
2019-10-08,-0.8629788744368634,-0.07027537661703055
2019-10-09,-0.3818851911324116,-0.22169800843810927
2019-10-10,-0.3990978817496233,-0.07027537661703055
2019-10-11,-0.055894240772629965,0.23256988702512713
2019-10-14,-0.07850201902359416,0.23256988702512713
2019-10-15,0.5587458592732056,-0.22169800843810947
2019-10-16,0.3657727203784629,0.005435939293508702
2019-10-17,0.48477169382373575,0.08114725520404838
2019-10-18,0.2658926965588695,-0.44883195616972743
2019-10-21,0.5587458592732056,0.0054359392935089115
2019-10-22,0.5587458592732056,0.23256988702512713
2019-10-23,0.5587458592732056,0.30828120293566647
2019-10-24,0.5587458592732056,0.611126466577824
2019-10-25,0.5587458592732056,0.08114725520404817
2019-10-28,0.5587458592732056,0.5354151506672845
2019-10-29,0.5587458592732056,0.4597038347567453
2019-10-30,0.5587458592732056,0.38399251884620583
2019-10-31,0.5587458592732056,0.08114725520404817
2019-11-01,0.5587458592732056,0.23256988702512713
2019-11-04,0.5587458592732056,0.611126466577824
2019-11-05,0.5587458592732056,1.1411056779515998
2019-11-06,0.5587458592732056,0.6868377824883634
2019-11-07,0.5587458592732056,1.2168169938621392
2019-11-08,0.5587458592732056,0.9139717302199817
2019-11-11,0.5587458592732056,0.9139717302199817
2019-11-12,0.5587458592732056,0.4597038347567453
2019-11-13,0.5587458592732056,0.08114725520404817
2019-11-14,0.5587458592732056,-0.1459866925275698
2019-11-15,0.5587458592732056,0.15685857111458765
2019-11-18,0.5587458592732056,0.005435939293508702
2019-11-19,0.5587458592732056,-0.07027537661703055
2019-11-20,0.5587458592732056,-0.524543272080267
2019-11-21,0.5587458592732056,-0.29740932434864875
2019-11-22,0.5587458592732056,-0.14598669252757002
2019-11-25,0.5587458592732056,-0.1459866925275698
2019-11-26,0.5587458592732056,-0.29740932434864875
2019-11-27,0.5587458592732056,-0.6002545879908062
2019-11-29,0.5587458592732056,-0.524543272080267
2019-12-02,0.5587458592732056,-0.29740932434864875
2019-12-03,0.5587458592732056,-0.524543272080267
2019-12-04,0.5587458592732056,-0.2974093243486488
2019-12-05,0.5587458592732056,-0.22169800843810927
2019-12-06,0.5587458592732056,-0.29740932434864875
2019-12-09,0.5587458592732056,-0.1459866925275698
2019-12-10,0.5587458592732056,-0.7516772198118851
2019-12-11,0.5587458592732056,-1.0545224834540428
2019-12-12,0.5587458592732056,-0.3731206402591882
2019-12-13,0.5587458592732056,-0.8273885357224245
2019-12-16,0.5587458592732056,-0.3731206402591882
2019-12-17,0.5587458592732056,-0.6002545879908062
2019-12-18,0.5587458592732056,-0.22169800843810927
2019-12-19,0.5587458592732056,-0.14598669252757002
2019-12-20,0.5587458592732056,0.08114725520404817
2019-12-23,0.5587458592732056,0.2325698870251269
2019-12-24,0.5587458592732056,-0.07027537661703055
2019-12-26,0.5587458592732056,0.08114725520404817
2019-12-27,0.5587458592732056,0.15685857111458765
2019-12-30,0.5587458592732056,0.005435939293508702
2019-12-31,0.5587458592732056,-0.22169800843810947
2020-01-02,0.5587458592732056,-0.8273885357224244
2020-01-03,0.5587458592732056,-0.524543272080267
2020-01-06,0.5587458592732056,-0.44883195616972754
2020-01-07,0.5587458592732056,-0.3731206402591882
2020-01-08,0.5587458592732056,-0.29740932434864875
2020-01-09,0.5587458592732056,-0.2974093243486488
2020-01-10,0.5587458592732056,-0.6002545879908063
2020-01-13,0.5587458592732056,-0.22169800843810936
2020-01-14,0.5587458592732056,-1.0545224834540428
2020-01-15,0.5587458592732056,-0.6759659039013456
2020-01-16,0.5587458592732056,-0.7516772198118851
2020-01-17,0.5587458592732056,-0.44883195616972765
2020-01-21,0.5587458592732056,-0.9788111675435034
2020-01-22,0.5587458592732056,-0.8273885357224244
2020-01-23,0.5587458592732056,-0.9030998516329638
2020-01-24,0.5587458592732056,-1.281656431185661
2020-01-27,0.5587458592732056,-1.3573677470962002
2020-01-28,0.5587458592732056,-1.281656431185661
2020-01-29,0.5587458592732056,-1.5087903789172792
2020-01-30,0.5587458592732056,-1.7359243266488975
2020-01-31,0.5382073959721301,-2.2659035380226733
2020-02-03,0.4413557871510718,-1.3573677470962002
2020-02-04,0.5587458592732056,-0.524543272080267
2020-02-05,0.5587458592732056,-0.524543272080267
2020-02-06,0.5587458592732056,-0.9030998516329639
2020-02-07,0.5587458592732056,-1.5087903789172792
2020-02-10,0.5587458592732056,-1.6602130107383581
2020-02-11,0.5587458592732056,-1.0545224834540428
2020-02-12,0.5587458592732056,-0.9788111675435034
2020-02-13,0.5587458592732056,-0.9030998516329639
2020-02-14,0.5587458592732056,-0.903099851632964
2020-02-18,0.5587458592732056,-1.3573677470962004
2020-02-19,0.5587458592732056,-1.4330790630067398
2020-02-20,0.5587458592732056,-1.2059451152751215
2020-02-21,0.5587458592732056,-1.5845016948278188
2020-02-24,-0.8668492495227242,-1.9630582743805156
2020-02-25,-1.9344547453254761,-1.7359243266488975
2020-02-26,-1.3274601129058108,-1.5087903789172792
2020-02-27,-4.011434977258558,-1.8116356425594369
2020-02-28,-4.167793019386771,-1.8873469584699765
2020-03-02,-2.32603797152024,-1.8873469584699762
2020-03-03,-2.837729484363819,-2.265903538022673
2020-03-04,-1.2077723621476988,-2.7201714334859095
2020-03-05,-3.5517261912804043,-3.477284592591303
2020-03-06,-4.849104960481421,-4.385820383517776
2020-03-09,-8.538304265985767,-3.325861960770225
2020-03-10,-6.142556737251033,-1.3573677470962002
2020-03-11,-8.605900261754048,-0.3731206402591882
2020-03-12,-12.659354927790105,0.08114725520404822
2020-03-13,-9.703916670590578,0.5354151506672846
2020-03-16,-14.106429752173632,0.38399251884620583
2020-03-17,-12.21379875987137,3.4124451552677817
2020-03-18,-14.048336460793582,4.85096015756803
2020-03-19,-14.144148566198313,5.305228053031266
2020-03-20,-15.559141886575242,2.0496414688780726
2020-03-23,-16.09501011336009,0.7625490983989027
2020-03-24,-11.717512871473408,0.5354151506672845
2020-03-25,-9.916654749714374,0.0054359392935089115
2020-03-26,-7.401484502737276,-0.29740932434864875
2020-03-27,-6.722237097995046,0.0054359392935089115
2020-03-30,-5.117525294080541,0.15685857111458787
2020-03-31,-7.63797999053723,0.9896830461305208
2020-04-01,-8.356886178457916,0.989683046130521
2020-04-02,-9.119773283172004,0.2325698870251269
2020-04-03,-8.319687421186892,0.08114725520404796
2020-04-06,-4.747811421601069,0.6868377824883632
2020-04-07,-0.8395370478659879,0.15685857111458787
2020-04-08,-1.694160992324123,-1.4330790630067398
2020-04-09,0.5587458592732056,-2.795882749396449
2020-04-13,0.5587458592732056,-3.552995908501843
2020-04-14,0.5587458592732056,-4.3858203835177765
2020-04-15,0.5587458592732056,-4.310109067607238
2020-04-16,0.5587458592732056,-6.202891965370722
2020-04-17,0.5587458592732056,-6.960005124476116
2020-04-20,0.5587458592732056,-7.111427756297195
2020-04-21,0.5587458592732056,-4.234397751696698
2020-04-22,0.5587458592732056,-3.0230166971280674
2020-04-23,0.5587458592732056,-2.417326169843752
2020-04-24,0.5587458592732056,-2.4930374857542916
2020-04-27,0.5587458592732056,-2.038769590291055
2020-04-28,0.5587458592732056,-2.341614853933213
2020-04-29,0.5587458592732056,-2.038769590291055
2020-04-30,0.5587458592732056,-2.038769590291055
2020-05-01,0.5587458592732056,-1.0545224834540428
2020-05-04,0.5587458592732056,-0.29740932434864853
2020-05-05,0.5587458592732056,0.08114725520404838
2020-05-06,0.5587458592732056,0.6111264665778238
2020-05-07,0.5587458592732056,-0.2974093243486489
2020-05-08,0.5587458592732056,-0.14598669252757002
2020-05-11,0.5587458592732056,0.6868377824883632
2020-05-12,0.5587458592732056,0.6868377824883632
2020-05-13,0.16632950053856663,0.6868377824883637
2020-05-14,0.5587458592732056,0.9139717302199821
2020-05-15,0.5587458592732056,-0.2974093243486489
2020-05-18,0.5587458592732056,-0.6759659039013458
2020-05-19,0.5587458592732056,-1.1302337993645823
2020-05-20,0.5587458592732056,-0.8273885357224243
2020-05-21,0.5587458592732056,-0.2974093243486489
2020-05-22,0.5587458592732056,-0.22169800843810947
2020-05-26,0.5587458592732056,0.4597038347567453
2020-05-27,0.5587458592732056,0.2325698870251269
2020-05-28,0.5587458592732056,0.23256988702512732
2020-05-29,0.5587458592732056,0.0054359392935089115
2020-06-01,0.5587458592732056,-0.7516772198118853
2020-06-02,0.5587458592732056,-0.6759659039013458
2020-06-03,0.5587458592732056,-0.14598669252757002
2020-06-04,0.5587458592732056,0.2325698870251269
2020-06-05,0.5587458592732056,0.08114725520404838
2020-06-08,0.5587458592732056,0.30828120293566635
2020-06-09,0.5587458592732056,0.0054359392935089115
2020-06-10,0.5587458592732056,-0.9788111675435034
2020-06-11,0.5587458592732056,-1.2059451152751217
2020-06-12,0.5587458592732056,-0.6002545879908063
2020-06-15,0.5587458592732056,-0.7516772198118853
2020-06-16,0.5587458592732056,-0.6002545879908063
2020-06-17,0.5587458592732056,-0.6759659039013458
2020-06-18,0.5587458592732056,-0.978811167543503
2020-06-19,0.5587458592732056,-0.9788111675435034
2020-06-22,0.5587458592732056,-1.3573677470962002
2020-06-23,0.5587458592732056,-1.5845016948278188
2020-06-24,0.5587458592732056,-1.5845016948278188
2020-06-25,0.5587458592732056,-1.5087903789172792
2020-06-26,0.29026867753203384,-1.5845016948278192
2020-06-29,0.5587458592732056,-1.5845016948278183
2020-06-30,0.5587458592732056,-1.2816564311856613
2020-07-01,0.5587458592732056,-1.4330790630067403
2020-07-02,0.5587458592732056,-2.265903538022673
2020-07-06,0.5587458592732056,-2.795882749396449
2020-07-07,-0.10670812135708571,-3.2501506448596857
2020-07-08,-0.32679312787667464,-2.7201714334859095
2020-07-09,-0.23802263190766967,-2.72017143348591
2020-07-10,0.556756096215171,-1.8873469584699762
2020-07-13,0.5587458592732056,-1.8116356425594367
2020-07-14,0.5587458592732056,-2.190192222112134
2020-07-15,0.5587458592732056,-1.9630582743805156
2020-07-16,0.5587458592732056,-2.1144809062015946
2020-07-17,0.5587458592732056,-2.341614853933212
2020-07-20,0.5587458592732056,-2.1144809062015946
2020-07-21,0.5587458592732056,-2.1144809062015946
2020-07-22,0.5587458592732056,-1.9630582743805156
2020-07-23,0.5587458592732056,-1.8873469584699762
2020-07-24,0.5587458592732056,-2.190192222112134
2020-07-27,0.5587458592732056,-1.9630582743805156
2020-07-28,0.5587458592732056,-1.8873469584699762
2020-07-29,0.5587458592732056,-1.9630582743805156
2020-07-30,0.5587458592732056,-2.2659035380226724
2020-07-31,0.5587458592732056,-2.493037485754291
2020-08-03,0.5587458592732056,-2.2659035380226733
2020-08-04,0.5587458592732056,-2.2659035380226733
2020-08-05,0.5587458592732056,-2.190192222112134
2020-08-06,0.5587458592732056,-2.568748801664831
2020-08-07,0.5587458592732056,-2.1144809062015946
2020-08-10,0.5587458592732056,-2.038769590291055
2020-08-11,0.5587458592732056,-1.6602130107383577
2020-08-12,0.5587458592732056,-1.5845016948278183
2020-08-13,0.5587458592732056,-1.5087903789172787
2020-08-14,0.5587458592732056,-1.205945115275121
2020-08-17,0.5587458592732056,-1.2059451152751217
2020-08-18,0.5587458592732056,-1.3573677470962007
2020-08-19,0.5587458592732056,-0.9788111675435034
2020-08-20,0.5587458592732056,-0.7516772198118848
2020-08-21,0.5587458592732056,-0.8273885357224243
2020-08-24,0.5587458592732056,-0.8273885357224243
2020-08-25,0.5587458592732056,-0.9030998516329638
2020-08-26,0.5587458592732056,-0.9030998516329638
2020-08-27,0.5587458592732056,-0.3731206402591884
2020-08-28,0.5587458592732056,-0.5245432720802673
2020-08-31,0.5587458592732056,-0.6759659039013463
2020-09-01,0.5587458592732056,-0.5245432720802673
2020-09-02,0.5587458592732056,-0.22169800843810947
2020-09-03,0.5587458592732056,0.23256988702512732
2020-09-04,0.5587458592732056,0.6868377824883641
2020-09-08,0.35204207119501446,0.3082812029356668
2020-09-09,0.5587458592732056,0.08114725520404838
2020-09-10,0.5587458592732056,-0.22169800843810947
2020-09-11,0.0494074508141343,-0.07027537661703055
2020-09-14,0.5587458592732056,-0.14598669252757002
2020-09-15,0.5587458592732056,-0.4488319561697279
2020-09-16,0.5587458592732056,-0.22169800843810947
2020-09-17,0.13830103341819716,0.23256988702512732
2020-09-18,-0.23383207180062365,0.08114725520404838
2020-09-21,-0.9445831238389405,0.15685857111458787
2020-09-22,-0.6182484869492407,0.3839925188462063
2020-09-23,-2.2569134990247326,0.6868377824883632
2020-09-24,-2.2968351554223374,0.6868377824883632
2020-09-25,-2.005014724880092,0.7625490983989027
2020-09-28,-1.310121872576548,0.3082812029356668
2020-09-29,-1.8895123134223906,0.3082812029356668
2020-09-30,-1.3452188892041406,0.9896830461305218
2020-10-01,-1.4906310611315703,0.9139717302199826
2020-10-02,-2.643121580612351,0.9139717302199826
2020-10-05,-0.06988576717548603,0.8382604143094422
2020-10-06,-0.376283601581793,0.5354151506672843
2020-10-07,0.5587458592732056,0.6111264665778238
2020-10-08,0.5587458592732056,0.3839925188462063
2020-10-09,0.5587458592732056,0.4597038347567457
2020-10-12,0.5587458592732056,0.4597038347567457
2020-10-13,0.5587458592732056,0.08114725520404838
2020-10-14,0.5587458592732056,0.0054359392935089115
2020-10-15,0.5587458592732056,0.23256988702512732
2020-10-16,0.5587458592732056,0.23256988702512732
2020-10-19,0.5587458592732056,0.2325698870251265
2020-10-20,0.5587458592732056,0.3839925188462054
2020-10-21,0.5587458592732056,0.156858571114587
2020-10-22,0.5587458592732056,0.30828120293566597
2020-10-23,0.5587458592732056,0.08114725520404838
2020-10-26,0.5587458592732056,-0.07027537661703055
2020-10-27,0.5587458592732056,-0.07027537661703055
2020-10-28,-0.31483816515156393,0.156858571114587
2020-10-29,-0.18679525229827437,0.8382604143094422
2020-10-30,-1.0253807222236346,0.8382604143094422
2020-11-02,0.004297451404012503,0.7625490983989027
2020-11-03,0.0005121202063528134,0.8382604143094422
2020-11-04,0.5587458592732056,0.23256988702512732
2020-11-05,0.5587458592732056,0.15685857111458787
2020-11-06,0.5587458592732056,0.5354151506672852
2020-11-09,0.5587458592732056,1.2168169938621385
2020-11-10,0.5587458592732056,1.1411056779515991
2020-11-11,0.5587458592732056,1.1411056779515991
2020-11-12,0.5587458592732056,0.9139717302199817
2020-11-13,0.5587458592732056,0.9139717302199817
2020-11-16,0.5587458592732056,0.9896830461305202
2020-11-17,0.5587458592732056,0.8382604143094422
2020-11-18,0.5587458592732056,0.7625490983989036
2020-11-19,0.5587458592732056,0.4597038347567457
2020-11-20,0.5587458592732056,0.3082812029356668
2020-11-23,0.5587458592732056,0.23256988702512732
2020-11-24,0.5587458592732056,0.23256988702512732
2020-11-25,0.5587458592732056,0.23256988702512732
2020-11-27,0.5587458592732056,0.0054359392935089115
2020-11-30,0.5587458592732056,-0.22169800843810947
2020-12-01,0.5587458592732056,-0.2974093243486489
2020-12-02,0.5587458592732056,-0.6759659039013463
2020-12-03,0.5587458592732056,-0.8273885357224243
2020-12-04,0.5587458592732056,-0.8273885357224252
2020-12-07,0.5587458592732056,-0.6759659039013455
2020-12-08,0.5587458592732056,-0.8273885357224243
2020-12-09,0.5587458592732056,-1.1302337993645823
2020-12-10,0.5587458592732056,-1.5087903789172787
2020-12-11,0.5587458592732056,-1.5087903789172787
2020-12-14,0.5587458592732056,-1.2059451152751217
2020-12-15,0.5587458592732056,-1.2816564311856613
2020-12-16,0.5587458592732056,-1.5087903789172787
2020-12-17,0.5587458592732056,-1.3573677470962007
2020-12-18,0.5587458592732056,-1.4330790630067403
2020-12-21,0.5587458592732056,-1.2816564311856613
2020-12-22,0.5587458592732056,-1.2059451152751217
2020-12-23,0.5587458592732056,-1.2816564311856613
2020-12-24,0.5587458592732056,-1.3573677470962007
2020-12-28,0.5587458592732056,-1.2816564311856613
2020-12-29,0.5587458592732056,-0.9030998516329638
2020-12-30,0.5587458592732056,-0.8273885357224243
2020-12-31,0.5587458592732056,-1.3573677470962007
2021-01-04,0.5587458592732056,-1.4330790630067403
2021-01-05,0.5587458592732056,-1.0545224834540436
2021-01-06,0.5587458592732056,-0.8273885357224243
2021-01-07,0.5587458592732056,-0.6002545879908068
2021-01-08,0.5587458592732056,0.2325698870251265
2021-01-11,0.5587458592732056,0.30828120293566597
2021-01-12,0.5587458592732056,0.156858571114587
2021-01-13,0.5587458592732056,0.0054359392935089115
2021-01-14,0.5587458592732056,0.23256988702512732
2021-01-15,0.5587458592732056,-0.07027537661703055
2021-01-19,0.5587458592732056,-0.07027537661703055
2021-01-20,0.5587458592732056,-0.22169800843810947
2021-01-21,0.5587458592732056,0.08114725520404838
2021-01-22,0.5587458592732056,0.0054359392935089115
2021-01-25,0.5587458592732056,-0.22169800843810947
2021-01-26,0.5587458592732056,-0.22169800843810947
2021-01-27,0.5587458592732056,-0.14598669252757002
2021-01-28,0.5587458592732056,-0.2974093243486489
2021-01-29,0.36846754816296046,-0.07027537661703055
2021-02-01,0.5587458592732056,0.0054359392935089115
2021-02-02,0.5587458592732056,0.15685857111458787
2021-02-03,0.5587458592732056,0.23256988702512732
2021-02-04,0.5587458592732056,0.3082812029356668
2021-02-05,0.5587458592732056,-0.07027537661703055
2021-02-08,0.5587458592732056,-0.22169800843810947
2021-02-09,0.5587458592732056,-0.9030998516329638
2021-02-10,0.5587458592732056,-1.2059451152751217
2021-02-11,0.5587458592732056,-0.9030998516329638
2021-02-12,0.5587458592732056,-0.4488319561697279
2021-02-16,0.5587458592732056,-0.07027537661703055
2021-02-17,0.5587458592732056,0.45970383475674487
2021-02-18,0.5587458592732056,0.9139717302199817
2021-02-19,0.5587458592732056,1.595373573414836
2021-02-22,0.5587458592732056,1.3682396256832174
2021-02-23,0.5587458592732056,1.443950941593757
2021-02-24,0.5587458592732056,1.746796205235915
2021-02-25,0.36530763623365364,3.185311207536164
2021-02-26,0.5587458592732056,2.42819804843077
2021-03-01,0.5587458592732056,2.579620680251849
2021-03-02,0.5587458592732056,1.746796205235915
2021-03-03,0.5587458592732056,2.0496414688780726
2021-03-04,-0.08760703817504342,2.731043312072927
2021-03-05,0.5587458592732056,2.8067546279834668
2021-03-08,-0.029819281963711388,2.9581772598045455
2021-03-09,0.4879347195432831,2.6553319961623876
2021-03-10,0.43763788859537484,2.201064100699152
2021-03-11,0.5587458592732056,2.201064100699152
2021-03-12,0.5587458592732056,3.2610225234467034
2021-03-15,0.5587458592732056,2.882465943894006
2021-03-16,0.5587458592732056,2.4281980484307693
2021-03-17,0.5587458592732056,1.9739301529675324
2021-03-18,0.44080949859671004,2.6553319961623876
2021-03-19,0.5587458592732056,2.201064100699152
2021-03-22,0.5587458592732056,1.1411056779516
2021-03-23,0.5587458592732056,0.9139717302199817
2021-03-24,0.5587458592732056,0.6868377824883641
2021-03-25,0.4557318197470286,0.6868377824883641
2021-03-26,0.5587458592732056,-0.6002545879908068
2021-03-29,0.5587458592732056,0.5354151506672843
2021-03-30,0.5587458592732056,0.6111264665778238
2021-03-31,0.5587458592732056,1.0653943620410604
2021-04-01,0.5587458592732056,0.5354151506672843
2021-04-05,0.5587458592732056,0.23256988702512732
2021-04-06,0.5587458592732056,-0.2974093243486489
2021-04-07,0.5587458592732056,-0.07027537661703055
2021-04-08,0.5587458592732056,0.23256988702512732
2021-04-09,0.5587458592732056,0.6868377824883632
2021-04-12,0.5587458592732056,-0.22169800843810947
2021-04-13,0.5587458592732056,-0.37312064025918756
2021-04-14,0.5587458592732056,-0.14598669252756916
2021-04-15,0.5587458592732056,-0.8273885357224243
2021-04-16,0.5587458592732056,-1.6602130107383577
2021-04-19,0.5587458592732056,-1.2816564311856613
2021-04-20,0.5587458592732056,-0.8273885357224243
2021-04-21,0.5587458592732056,-0.8273885357224243
2021-04-22,0.5587458592732056,-0.6002545879908068
2021-04-23,0.5587458592732056,-0.6002545879908068
2021-04-26,0.5587458592732056,-0.9030998516329638
2021-04-27,0.5587458592732056,-1.0545224834540428
2021-04-28,0.5587458592732056,-1.2816564311856613
2021-04-29,0.5587458592732056,-1.1302337993645823
2021-04-30,0.5587458592732056,-0.8273885357224243
2021-05-03,0.5587458592732056,-1.2059451152751217
2021-05-04,0.5587458592732056,-1.5087903789172796
2021-05-05,0.5587458592732056,-1.8116356425594367
2021-05-06,0.5587458592732056,-1.6602130107383577
2021-05-07,0.5587458592732056,-1.5845016948278192
2021-05-10,0.5587458592732056,-2.1144809062015946
2021-05-11,0.5587458592732056,-1.9630582743805156
2021-05-12,-0.3588221294335482,-1.2816564311856613
2021-05-13,0.41414527065474616,-1.2816564311856613
2021-05-14,0.5587458592732056,-0.9030998516329638
2021-05-17,0.34670281919979784,-1.0545224834540428
2021-05-18,0.15827977386841627,-1.2059451152751217
2021-05-19,0.3971208044894659,-0.5245432720802673
2021-05-20,0.46219662483250046,-0.22169800843810947
2021-05-21,0.5587458592732056,-0.3731206402591884
2021-05-24,0.5587458592732056,-0.600254587990806
2021-05-25,0.5587458592732056,-0.6759659039013455
2021-05-26,0.5587458592732056,-0.5245432720802665
2021-05-27,0.5587458592732056,-0.2974093243486489
2021-05-28,0.5563291479380079,-0.600254587990806
2021-06-01,0.5587458592732056,-0.6759659039013455
2021-06-02,0.5587458592732056,-0.5245432720802665
2021-06-03,0.5587458592732056,0.08114725520404838
2021-06-04,0.5587458592732056,0.23256988702512732
2021-06-07,0.5587458592732056,0.3082812029356668
2021-06-08,0.5587458592732056,0.3839925188462063
2021-06-09,0.5587458592732056,0.6111264665778247
2021-06-10,0.5587458592732056,-0.14598669252757002
2021-06-11,0.5587458592732056,-0.07027537661703055
2021-06-14,0.5587458592732056,-0.07027537661703055
2021-06-15,0.5587458592732056,0.0054359392935089115
2021-06-16,0.5587458592732056,1.0653943620410604
2021-06-17,0.5587458592732056,0.9139717302199817
2021-06-18,0.5587458592732056,0.0054359392935089115
2021-06-21,0.5587458592732056,0.15685857111458787
2021-06-22,0.5587458592732056,-0.2974093243486481
2021-06-23,0.5587458592732056,-0.14598669252757002
2021-06-24,0.5587458592732056,0.30828120293566597
2021-06-25,0.5587458592732056,0.08114725520404753
2021-06-28,0.5587458592732056,-0.2974093243486481
2021-06-29,0.5587458592732056,0.0054359392935089115
2021-06-30,0.5587458592732056,-0.2974093243486489
2021-07-01,0.5587458592732056,-0.22169800843810947
2021-07-02,0.5587458592732056,-0.8273885357224243
2021-07-06,0.5587458592732056,-0.8273885357224243
2021-07-07,0.5587458592732056,-1.0545224834540428
2021-07-08,0.5587458592732056,-0.7516772198118857
2021-07-09,0.5587458592732056,-0.7516772198118857
2021-07-12,0.5587458592732056,-0.44883195616972704
2021-07-13,0.5587458592732056,-0.7516772198118848
2021-07-14,0.5587458592732056,-0.9788111675435034
2021-07-15,0.5587458592732056,-1.1302337993645823
2021-07-16,0.5587458592732056,-2.1144809062015946
2021-07-19,0.5587458592732056,-2.341614853933213
2021-07-20,0.5587458592732056,-1.8873469584699762
2021-07-21,0.5587458592732056,-1.8116356425594367
2021-07-22,0.5587458592732056,-1.4330790630067403
2021-07-23,0.5587458592732056,-1.6602130107383586
2021-07-26,0.5587458592732056,-2.341614853933213
2021-07-27,0.5587458592732056,-2.5687488016648294
2021-07-28,0.5587458592732056,-2.4173261698437516
2021-07-29,0.5587458592732056,-2.493037485754291
2021-07-30,0.5587458592732056,-2.2659035380226724
2021-08-02,0.5587458592732056,-2.341614853933212
2021-08-03,0.5587458592732056,-2.341614853933212
2021-08-04,0.5587458592732056,-1.7359243266488973
2021-08-05,0.5587458592732056,-1.2059451152751226
2021-08-06,0.5587458592732056,-1.1302337993645823
2021-08-09,0.5587458592732056,-1.0545224834540428
2021-08-10,0.5587458592732056,-0.7516772198118857
2021-08-11,0.5587458592732056,-1.0545224834540436
2021-08-12,0.5587458592732056,-0.6759659039013463
2021-08-13,0.5587458592732056,-0.6002545879908068
2021-08-16,0.5587458592732056,-0.6759659039013463
2021-08-17,0.5587458592732056,-0.22169800843810947
2021-08-18,0.5587458592732056,-0.22169800843810947
2021-08-19,0.5587458592732056,-0.5245432720802673
2021-08-20,0.5587458592732056,-0.07027537661703055
2021-08-23,0.5587458592732056,0.15685857111458787
2021-08-24,0.5587458592732056,0.6868377824883641
2021-08-25,0.5587458592732056,0.9139717302199808
2021-08-26,0.5587458592732056,1.1411056779515991
2021-08-27,0.5587458592732056,0.45970383475674403
2021-08-30,0.5587458592732056,0.5354151506672835
2021-08-31,0.5587458592732056,0.9896830461305202
2021-09-01,0.5587458592732056,1.1411056779515991
2021-09-02,0.5587458592732056,0.9139717302199808
2021-09-03,0.5587458592732056,0.6111264665778247
2021-09-07,0.5587458592732056,0.5354151506672852
2021-09-08,0.5587458592732056,0.0054359392935089115
2021-09-09,0.5587458592732056,-0.3731206402591884
2021-09-10,0.5587458592732056,0.08114725520404838
2021-09-13,0.5587458592732056,0.0054359392935089115
2021-09-14,0.35919181923887916,0.15685857111458787
2021-09-15,0.5587458592732056,0.3839925188462063
2021-09-16,0.5587458592732056,0.3839925188462063
2021-09-17,0.5587458592732056,0.6111264665778247
2021-09-20,0.046683212786443405,0.3839925188462063
2021-09-21,-0.397870617786191,0.3082812029356668
2021-09-22,-0.35048075110615245,0.3839925188462063
2021-09-23,0.17618863826687706,0.7625490983989027
2021-09-24,0.15347551121011646,0.9139717302199817
2021-09-27,0.3078466343401966,0.8382604143094422
2021-09-28,-1.1511584792166771,1.7467962052359156
2021-09-29,-1.2839627102783886,1.8982188370569946
2021-09-30,-1.8111018434007085,1.292528309772679
2021-10-01,-1.2610155253311328,0.9139717302199817
2021-10-04,-2.0417510436537047,0.989683046130521
2021-10-05,-1.5278846871589353,0.6868377824883632
2021-10-06,-1.1495288922838847,0.5354151506672843
2021-10-07,-0.6642183493139783,1.0653943620410604
2021-10-08,-0.5417908762669982,1.3682396256832183
2021-10-11,-0.5094366513723234,1.3682396256832183
2021-10-12,-0.758749540640697,1.0653943620410604
2021-10-13,-0.3108344525398804,0.5354151506672852
2021-10-14,0.10890122181492255,0.3082812029356668
2021-10-15,0.5587458592732056,0.4597038347567457
2021-10-18,0.5587458592732056,0.3839925188462063
2021-10-19,0.5587458592732056,0.45970383475674487
2021-10-20,0.5587458592732056,0.3839925188462054
2021-10-21,0.5587458592732056,-0.07027537661703055
2021-10-22,0.5587458592732056,-0.22169800843810947
2021-10-25,0.5587458592732056,-0.9788111675435034
2021-10-26,0.5587458592732056,-1.5087903789172796
2021-10-27,0.5587458592732056,-1.887346958469977
2021-10-28,0.5587458592732056,-1.2816564311856613
2021-10-29,0.5587458592732056,-1.1302337993645823
2021-11-01,0.5587458592732056,-0.6002545879908068
2021-11-02,0.5587458592732056,-0.44883195616972704
2021-11-03,0.5587458592732056,-0.3731206402591884
2021-11-04,0.5587458592732056,-0.9788111675435034
2021-11-05,0.5587458592732056,-1.5087903789172796
2021-11-08,0.5587458592732056,-1.8116356425594375
2021-11-09,0.5587458592732056,-2.1901922221121333
2021-11-10,0.5587458592732056,-1.8873469584699754
2021-11-11,0.5587458592732056,-1.8873469584699754
2021-11-12,0.5587458592732056,-1.5087903789172787
2021-11-15,0.5587458592732056,-1.054522483454042
2021-11-16,0.5587458592732056,-1.0545224834540436
2021-11-17,0.5587458592732056,-1.2059451152751226
2021-11-18,0.5587458592732056,-1.9630582743805147
2021-11-19,0.5587458592732056,-1.5087903789172796
2021-11-22,0.5587458592732056,-0.22169800843810947
2021-11-23,0.5587458592732056,0.15685857111458787
2021-11-24,0.5587458592732056,0.3082812029356668
2021-11-26,0.5587458592732056,-0.14598669252757002
2021-11-29,0.5587458592732056,0.6111264665778247
2021-11-30,0.1501810054547689,-0.6002545879908068
2021-12-01,-0.49573691478523063,-0.4488319561697279
2021-12-02,0.06334971495861892,-0.9030998516329638
2021-12-03,-0.6776819257887885,-1.0545224834540436
2021-12-06,-0.3255600667555214,-0.6759659039013455
2021-12-07,0.5316023466747449,0.23256988702512732
2021-12-08,0.5587458592732056,0.6111264665778247
2021-12-09,0.44668701714389697,0.9139717302199826
2021-12-10,0.5587458592732056,1.5196622575042964
2021-12-13,0.5587458592732056,1.1411056779515991
2021-12-14,0.1332586514534045,1.595373573414835
2021-12-15,0.5587458592732056,1.5196622575042955
2021-12-16,0.25209991283900457,0.8382604143094431
2021-12-17,-0.1640410628674975,0.9139717302199826
2021-12-20,-0.8649291416905303,1.292528309772678
2021-12-21,0.10293072044381382,1.0653943620410613
2021-12-22,0.5587458592732056,-0.2974093243486489
2021-12-23,0.5587458592732056,-0.22169800843810947
2021-12-27,0.5587458592732056,-0.4488319561697279
2021-12-28,0.5587458592732056,0.3839925188462063
2021-12-29,0.5587458592732056,0.23256988702512732
2021-12-30,0.5587458592732056,0.0054359392935089115
2021-12-31,0.5587458592732056,-0.2974093243486489
2022-01-03,0.5587458592732056,0.3839925188462063
2022-01-04,0.5587458592732056,1.2168169938621394
2022-01-05,0.5587458592732056,1.3682396256832183
2022-01-06,0.5587458592732056,1.8982188370569937
2022-01-07,0.3646099135877732,2.0496414688780726
2022-01-10,0.5587458592732056,2.0496414688780726
2022-01-11,0.5587458592732056,1.2168169938621385
2022-01-12,0.5587458592732056,1.746796205235915
2022-01-13,0.5587458592732056,1.443950941593758
2022-01-14,0.09980935089955251,1.8982188370569937
2022-01-18,-0.35219613014927137,2.882465943894006
2022-01-19,-0.33911269177775055,2.9581772598045455
2022-01-20,-0.36104825383253325,3.4124451552677812
2022-01-21,-2.195315786201432,2.731043312072927
2022-01-24,-2.4692180412083107,2.8067546279834668
2022-01-25,-3.3451596776392427,2.503909364341309
2022-01-26,-4.11640746148941,3.6395791029994
2022-01-27,-4.30682965766382,3.1095998916256242
2022-01-28,-3.225020853542966,2.3524867325202297
2022-01-31,-2.24448986602892,3.033888575715085
2022-02-01,-1.7976371810052247,3.1095998916256242
2022-02-02,-1.608436823340078,2.503909364341309
2022-02-03,-2.7367963652961786,2.579620680251848
2022-02-04,-1.5777858554461384,2.503909364341309
2022-02-07,-1.6884693881108674,1.8225075211464543
2022-02-08,-1.0940686917209763,1.8982188370569935
2022-02-09,-0.3118414713417463,1.595373573414836
2022-02-10,-1.6527449438525668,2.7310433120729276
2022-02-11,-2.7403667245553476,1.6710848893253754
2022-02-14,-2.233673915306601,1.6710848893253754
2022-02-15,-1.478625519725246,1.6710848893253758
2022-02-16,-0.5429122304490575,1.1411056779515996
2022-02-17,-1.0947610408074486,0.7625490983989023
2022-02-18,-0.8662766734227463,0.0054359392935089115
2022-02-22,-0.41765847977511755,0.5354151506672843
2022-02-23,-1.5094786469682833,0.6111264665778238
2022-02-24,-0.1633746226350668,0.23256988702512732
2022-02-25,0.5587458592732056,-0.37312064025918756
2022-02-28,0.5587458592732056,-1.5845016948278192
2022-03-01,-0.8184777504756028,-1.8873469584699762
2022-03-02,-0.7997528790751369,-1.5845016948278183
2022-03-03,-1.376655201730345,-1.6602130107383577
2022-03-04,-2.2408285370171117,-2.341614853933213
2022-03-07,-2.5347845772830015,-3.3258619607702244
2022-03-08,-3.118670070657606,-4.310109067607238
2022-03-09,-1.6980094321677817,-3.2501506448596857
2022-03-10,-2.312192990471531,-3.2501506448596853
2022-03-11,-3.605520151265754,-3.5529959085018428
2022-03-14,-3.098878257227485,-2.8715940653069887
2022-03-15,-1.0909718560397714,-1.4330790630067394
2022-03-16,0.16494339718693843,-0.9030998516329638
2022-03-17,-0.014612240933729434,-2.1901922221121337
2022-03-18,0.47915190215212294,-2.265903538022673
2022-03-21,0.5587458592732056,-0.978811167543503
2022-03-22,0.5587458592732056,-0.3731206402591884
2022-03-23,0.5587458592732056,-0.9030998516329638
2022-03-24,0.5587458592732056,-0.37312064025918756
2022-03-25,0.5587458592732056,0.8382604143094422
2022-03-28,0.5587458592732056,0.5354151506672843
2022-03-29,0.5587458592732056,2.5039093643413093
2022-03-30,0.5587458592732056,2.882465943894006
2022-03-31,0.5587458592732056,2.4281980484307693
2022-04-01,0.5587458592732056,3.109599891625624
2022-04-04,0.5587458592732056,4.093846998462636
2022-04-05,0.5587458592732056,5.153805421210188
2022-04-06,0.5587458592732056,6.138052528047201
2022-04-07,0.5587458592732056,5.532362000762885
2022-04-08,0.5587458592732056,5.456650684852345
2022-04-11,0.5587458592732056,6.1380525280472
2022-04-12,0.5587458592732056,4.85096015756803
2022-04-13,0.5587458592732056,4.396692262104794
2022-04-14,0.5587458592732056,4.093846998462636
2022-04-18,0.3582302355190299,4.77524884165749
2022-04-19,0.5587458592732056,5.380939368941806
2022-04-20,0.5587458592732056,3.7910017348204788
2022-04-21,-0.7452982796131556,3.033888575715085
2022-04-22,-1.4761363689509381,4.0181356825520975
2022-04-25,-1.9222415341244077,3.5638677870888604
2022-04-26,-3.5512991490403234,2.8824659438940055
2022-04-27,-3.7509028390152523,3.1853112075361634
2022-04-28,-3.158387083515185,2.4281980484307697
2022-04-29,-4.618172207172821,3.8667130507310183
2022-05-02,-3.625014582915743,5.2295167371207265
2022-05-03,-3.543578951971868,4.093846998462636
2022-05-04,-2.5291602982745474,3.3367338393572425
2022-05-05,-3.6374291757966306,3.5638677870888604
2022-05-06,-3.447499740704272,3.5638677870888604
2022-05-09,-5.174632723715869,3.4124451552677812
2022-05-10,-4.9491407776497525,3.6395791029994
2022-05-11,-4.893514274962251,2.4281980484307693
2022-05-12,-4.772244079885036,2.882465943894006
2022-05-13,-4.211768775573061,2.503909364341309
2022-05-16,-3.820097166665242,1.8982188370569937
2022-05-17,-2.8836817806126027,2.5039093643413093
2022-05-18,-5.517479412497464,1.2168169938621392
2022-05-19,-5.758664997573215,2.35248673252023
2022-05-20,-5.062921227168114,2.579620680251848
2022-05-23,-2.9168162216757785,2.5039093643413093
2022-05-24,-3.549442993954579,2.2767754166096905
2022-05-25,-1.7301328253156454,1.9739301529675333
2022-05-26,-0.8987114259200089,1.3682396256832179
2022-05-27,-0.9329365385697912,1.6710848893253754
2022-05-31,0.5587458592732056,1.4439509415937573
2022-06-01,-0.04118133282361586,0.7625490983989027
2022-06-02,0.5587458592732056,0.8382604143094422
2022-06-03,-1.6361177675171812,1.0653943620410602
2022-06-06,0.3105239999144669,0.6868377824883637
2022-06-07,0.5587458592732056,-0.14598669252757002
2022-06-08,0.5587458592732056,-0.22169800843810905
2022-06-09,0.5587458592732056,-0.4488319561697279
2022-06-10,0.17681539909404329,1.2925283097726787
2022-06-13,-1.6886060609064837,3.2610225234467025
2022-06-14,-2.9664652408185215,4.85096015756803
2022-06-15,-2.096251367052473,3.1853112075361634
2022-06-16,-4.630534257683989,2.882465943894006
2022-06-17,-2.6100181650698535,3.715290418909939
2022-06-21,-1.1085183764264426,3.336733839357242
2022-06-22,-1.219098387765608,2.882465943894006
2022-06-23,-1.6481805734110961,2.4281980484307693
2022-06-24,0.2844274158385782,2.6553319961623876
2022-06-27,-0.34998506685755576,3.4124451552677817
2022-06-28,-2.328751821123875,4.396692262104794
2022-06-29,-3.516077542814684,4.699537525746951
2022-06-30,-3.634285264069669,3.2610225234467034
2022-07-01,-2.7563492956682847,1.8225075211464548
2022-07-05,-3.5565637020699348,1.8982188370569937
2022-07-06,-2.6163121087124357,3.1095998916256242
2022-07-07,-2.0491904578246487,2.9581772598045455
2022-07-08,-2.54682204655449,3.488156471178321
2022-07-11,-2.5734443162977394,2.882465943894006
2022-07-12,-1.8434827550266566,2.5796206802518484
2022-07-13,-0.6588095130983449,1.5196622575042964
2022-07-14,0.5587458592732056,-0.600254587990806
2022-07-15,0.5587458592732056,-2.493037485754292
2022-07-18,0.5587458592732056,-0.3731206402591884
2022-07-19,0.5587458592732056,-0.3731206402591884
2022-07-20,0.5587458592732056,-0.14598669252757002
2022-07-21,0.5587458592732056,-0.9788111675435034
2022-07-22,0.5587458592732056,-1.5087903789172792
2022-07-25,0.5587458592732056,-1.130233799364582
2022-07-26,0.5587458592732056,-0.978811167543503
2022-07-27,0.5587458592732056,-2.2659035380226733
2022-07-28,0.5587458592732056,-4.007263803965079
2022-07-29,0.5587458592732056,-4.612954331249394
2022-08-01,0.5587458592732056,-4.310109067607238
2022-08-02,0.5587458592732056,-2.1144809062015946
2022-08-03,0.5587458592732056,-2.2659035380226733
2022-08-04,0.5587458592732056,-3.2501506448596857
2022-08-05,0.5587458592732056,-2.4173261698437525
2022-08-08,0.5587458592732056,-3.325861960770225
2022-08-09,0.5587458592732056,-2.6444601175753704
2022-08-10,0.5587458592732056,-2.2659035380226733
2022-08-11,0.5587458592732056,-1.5845016948278183
2022-08-12,0.5587458592732056,-1.9630582743805156
2022-08-15,0.5587458592732056,-1.7359243266488973
2022-08-16,0.5587458592732056,-1.6602130107383577
2022-08-17,0.5587458592732056,-1.5087903789172792
2022-08-18,0.5587458592732056,-2.341614853933213
2022-08-19,0.5587458592732056,-1.2059451152751213
2022-08-22,0.5587458592732056,0.15685857111458787
2022-08-23,0.5587458592732056,0.08114725520404796
2022-08-24,0.5587458592732056,0.2325698870251269
2022-08-25,0.5587458592732056,0.4597038347567453
2022-08-26,0.4635706105206371,1.9739301529675328
2022-08-29,-0.5964924547770095,2.9581772598045455
2022-08-30,-0.9960566235051024,3.4881564711783217
2022-08-31,-1.0462610916300061,2.9581772598045455
2022-09-01,-1.6533818728941436,4.320980946194255
2022-09-02,-2.133676957622217,3.7910017348204788
2022-09-06,-2.2341632172990398,3.5638677870888604
2022-09-07,-1.313979327912072,3.9424243666415575
2022-09-08,-0.7973077684815956,4.093846998462636
2022-09-09,-1.0624164402110352,4.169558314373176
2022-09-12,-0.5333308975363344,4.093846998462635
2022-09-13,-3.4891853182544192,4.548114893925873
2022-09-14,-3.50339806685277,4.472403578015333
2022-09-15,-4.125015473574977,4.775248841657491
2022-09-16,-4.1496968756583605,4.775248841657492
2022-09-19,-3.92662691918804,5.910918580315581
2022-09-20,-3.834545361104773,5.532362000762885
2022-09-21,-3.6742404905049195,5.002382789389109
2022-09-22,-3.95370458759869,6.138052528047201
2022-09-23,-4.875455562452009,6.21376384395774
2022-09-26,-5.950695262906266,8.485103321273922
2022-09-27,-4.514407438281395,8.787948584916078
2022-09-28,-3.303030420147,6.365186475778817
2022-09-29,-3.7738853642459502,7.5765675303474485
2022-09-30,-4.142054086777575,7.576567530347447
2022-10-03,-3.071841299077364,4.623826209836412
2022-10-04,-1.0899100535501987,4.8509601575680295
2022-10-05,-1.0185402226401996,5.153805421210189
2022-10-06,-2.387395229121188,5.910918580315583
2022-10-07,-4.026001995459544,5.532362000762886
2022-10-10,-5.081570172131892,5.532362000762886
2022-10-11,-5.845562278214852,5.305228053031267
2022-10-12,-3.978391950743794,5.00238278938911
2022-10-13,-2.936859232168012,4.8509601575680295
2022-10-14,-3.4845888797812736,4.775248841657492
2022-10-17,-1.9127549354741347,4.093846998462636
2022-10-18,-1.7210033452603992,3.9424243666415575
2022-10-19,-1.5051958187599195,4.245269630283715
2022-10-20,-1.0554189106786518,4.169558314373176
2022-10-21,0.5587458592732056,4.169558314373176
2022-10-24,0.5587458592732056,2.7310433120729263
2022-10-25,0.5587458592732056,1.9739301529675333
2022-10-26,0.5587458592732056,0.23256988702512732
2022-10-27,0.5587458592732056,-1.054522483454042
2022-10-28,0.5587458592732056,0.8382604143094431
2022-10-31,0.5587458592732056,0.0054359392935089115
2022-11-01,0.5587458592732056,-0.9788111675435025
2022-11-02,0.14169596831170497,0.9896830461305218
2022-11-03,-0.2611244489525988,2.6553319961623885
2022-11-04,0.5587458592732056,1.0653943620410598
2022-11-07,0.5587458592732056,0.5354151506672835
2022-11-08,0.5587458592732056,0.0811472552040467
2022-11-09,0.5587458592732056,0.5354151506672835
2022-11-10,0.5587458592732056,-1.5087903789172805
2022-11-11,0.5587458592732056,-1.5087903789172805
2022-11-14,0.5587458592732056,-0.9788111675435025
2022-11-15,0.5587458592732056,-1.1302337993645832
2022-11-16,0.5587458592732056,-1.5087903789172805
2022-11-17,0.5587458592732056,-0.9030998516329647
2022-11-18,0.5587458592732056,-1.205945115275121
2022-11-21,0.5587458592732056,-1.6602130107383577
2022-11-22,0.5587458592732056,-1.9630582743805156
2022-11-23,0.5587458592732056,-2.1144809062015946
2022-11-25,0.5587458592732056,-1.8116356425594367
2022-11-28,0.5587458592732056,-1.3573677470962016
2022-11-29,0.5587458592732056,-0.14598669252757002
2022-11-30,0.5587458592732056,-1.3573677470961998
2022-12-01,0.5587458592732056,-3.174439328949147
2022-12-02,0.5587458592732056,-3.7044185403229215
2022-12-05,0.5587458592732056,-2.7958827493964495
2022-12-06,0.5587458592732056,-4.158686435786159
2022-12-07,0.5587458592732056,-4.082975119875619
2022-12-08,0.5587458592732056,-3.780129856233461
2022-12-09,0.5587458592732056,-2.5687488016648294
2022-12-12,0.5587458592732056,-2.8715940653069874
2022-12-13,0.5587458592732056,-1.2816564311856604
2022-12-14,0.5587458592732056,-1.6602130107383577
2022-12-15,-0.57182458660981,-1.3573677470961998
2022-12-16,-0.7811246536455526,-0.29740932434864725
2022-12-19,-1.0502768090928802,-0.6002545879908068
2022-12-20,-1.2057522110319485,-0.9788111675435043
2022-12-21,-0.29002183736998993,-0.9030998516329647
2022-12-22,-1.6577835905910137,0.23256988702512732
2022-12-23,-1.684329389108326,1.141105677951601
2022-12-27,-1.8651714316701196,1.595373573414836
2022-12-28,-1.6915035582980373,1.2168169938621403
2022-12-29,-0.7315875147933679,0.3839925188462063
2022-12-30,-2.3716102980555664,1.746796205235915
2023-01-03,-2.5382013089968303,2.6553319961623885
2023-01-04,-2.1139544835215256,2.882465943894005
2023-01-05,-1.791353719269058,2.0496414688780726
2023-01-06,0.04643536240205809,0.9896830461305218
2023-01-09,0.10361725672135817,1.0653943620410613
2023-01-10,0.06257328187443757,1.2168169938621403
2023-01-11,0.5587458592732056,-0.07027537661703055
2023-01-12,0.5374359396996274,-0.9030998516329647
2023-01-13,0.35127697689725473,0.23256988702512732
2023-01-17,0.5587458592732056,0.3839925188462063
2023-01-18,0.5587458592732056,-0.2974093243486489
2023-01-19,0.5587458592732056,-1.2816564311856622
2023-01-20,0.5587458592732056,-1.3573677470961998
2023-01-23,0.5587458592732056,-1.6602130107383577
2023-01-24,0.5587458592732056,-1.7359243266488973
2023-01-25,0.5587458592732056,-2.4173261698437525
2023-01-26,0.5587458592732056,-3.0230166971280683
2023-01-27,0.5587458592732056,-3.0230166971280683
2023-01-30,0.5587458592732056,-2.644460117575371
2023-01-31,0.5587458592732056,-2.190192222112134
2023-02-01,0.5587458592732056,-3.4015732766807654
2023-02-02,0.5587458592732056,-2.7201714334859104
2023-02-03,0.5587458592732056,-1.2816564311856604
2023-02-06,0.5587458592732056,-0.9030998516329647
2023-02-07,0.5587458592732056,0.08114725520404838
2023-02-08,0.5587458592732056,-0.22169800843810947
2023-02-09,0.5587458592732056,-0.2974093243486489
2023-02-10,0.5587458592732056,0.6868377824883625
2023-02-13,0.5587458592732056,1.3682396256832174
2023-02-14,0.5587458592732056,1.0653943620410598
2023-02-15,0.5587458592732056,0.6868377824883625
2023-02-16,0.5587458592732056,1.746796205235915
2023-02-17,0.5587458592732056,1.9739301529675333
2023-02-21,0.5587458592732056,2.0496414688780726
2023-02-22,0.29346907746599543,2.0496414688780726
2023-02-23,0.5587458592732056,2.201064100699152
2023-02-24,0.05450281935779996,2.9581772598045464
2023-02-27,-0.32317619165381,2.9581772598045464
2023-02-28,-0.6219773335485022,2.201064100699152
2023-03-01,-0.18382854719968922,2.276775416609691
2023-03-02,-0.5258381449907574,2.3524867325202306
2023-03-03,-0.2594350465921995,2.276775416609691
2023-03-06,-0.9431352027304947,2.276775416609691
2023-03-07,-1.177542996411979,2.0496414688780726
2023-03-08,-0.7948939260411177,2.0496414688780726
2023-03-09,-2.3352565665627547,1.9739301529675315
2023-03-10,-2.5047077465269676,1.0653943620410598
2023-03-13,-2.1555220897570124,-0.2974093243486489
2023-03-14,-1.4737775096705656,-0.6759659039013446
2023-03-15,-2.341954396258678,-1.5087903789172787
2023-03-16,-1.4782342804831252,-0.9788111675435025
2023-03-17,-2.2051304507876472,-1.3573677470961998
2023-03-20,-1.0649741434889872,-1.2816564311856604
2023-03-21,-0.29372170134411474,-0.8273885357224235
2023-03-22,-0.13992630718147106,-2.568748801664831
2023-03-23,0.06504760933814978,-2.568748801664831
2023-03-24,0.12728869682314442,-2.568748801664831
2023-03-27,0.5587458592732056,-2.190192222112134
2023-03-28,0.4794555512550259,-2.493037485754292
2023-03-29,0.5587458592732056,-1.9630582743805156
2023-03-30,0.5587458592732056,-2.7958827493964495
2023-03-31,0.5587458592732056,-3.4015732766807654
2023-04-03,0.5587458592732056,-2.4173261698437525
2023-04-04,0.5587458592732056,-3.0230166971280665
2023-04-05,0.5587458592732056,-4.007263803965079
2023-04-06,0.5587458592732056,-4.6129543312493935
2023-04-10,0.5587458592732056,-2.341614853933213
2023-04-11,0.5587458592732056,-1.3573677470962016
2023-04-12,0.5587458592732056,-1.5087903789172805
2023-04-13,0.5587458592732056,-0.5245432720802673
2023-04-14,0.5587458592732056,-0.9788111675435043
2023-04-17,0.5587458592732056,-0.14598669252757002
2023-04-18,0.5587458592732056,-0.2974093243486489
2023-04-19,0.5587458592732056,-0.3731206402591884
2023-04-20,0.5587458592732056,0.5354151506672852
2023-04-21,0.5587458592732056,0.6868377824883641
2023-04-24,0.5587458592732056,0.5354151506672852
2023-04-25,0.5587458592732056,-1.1302337993645832
2023-04-26,0.5587458592732056,-0.5245432720802673
2023-04-27,0.5587458592732056,0.08114725520404838
2023-04-28,0.5587458592732056,0.3082812029356668
2023-05-01,0.5587458592732056,1.4439509415937586
2023-05-02,0.5587458592732056,0.6868377824883641
2023-05-03,0.19619352371018375,0.5354151506672835
2023-05-04,0.11828291771347221,0.762549098398902
2023-05-05,0.5587458592732056,1.2168169938621385
2023-05-08,0.5587458592732056,1.0653943620410613
2023-05-09,0.5587458592732056,1.141105677951601
2023-05-10,0.5587458592732056,0.8382604143094431
2023-05-11,0.5587458592732056,0.6111264665778247
2023-05-12,0.3275279860801719,0.8382604143094431
2023-05-15,0.5587458592732056,0.6111264665778247
2023-05-16,0.10545240361306779,0.4597038347567457
2023-05-17,0.5587458592732056,0.3082812029356668
2023-05-18,0.5587458592732056,0.6868377824883625
2023-05-19,0.5587458592732056,1.292528309772678
2023-05-22,0.5587458592732056,1.3682396256832174
2023-05-23,0.5587458592732056,1.443950941593757
2023-05-24,0.5587458592732056,2.42819804843077
2023-05-25,0.5587458592732056,2.9581772598045464
2023-05-26,0.5587458592732056,2.276775416609691
2023-05-30,0.5587458592732056,1.5196622575042964
2023-05-31,0.5587458592732056,0.6868377824883625
2023-06-01,0.5587458592732056,1.5196622575042964
2023-06-02,0.5587458592732056,2.42819804843077
2023-06-05,0.5587458592732056,2.3524867325202306
2023-06-06,0.5587458592732056,1.9739301529675333
2023-06-07,0.5587458592732056,2.1253527847886122
2023-06-08,0.5587458592732056,1.6710848893253754
2023-06-09,0.5587458592732056,2.1253527847886122
2023-06-12,0.5587458592732056,2.42819804843077
2023-06-13,0.5587458592732056,2.6553319961623867
2023-06-14,0.5587458592732056,2.276775416609691
2023-06-15,0.5587458592732056,1.1411056779515991
2023-06-16,0.5587458592732056,1.443950941593757
2023-06-20,0.5587458592732056,0.6868377824883641
2023-06-21,0.5587458592732056,0.3082812029356668
2023-06-22,0.5587458592732056,0.5354151506672852
2023-06-23,0.5587458592732056,0.6111264665778247
2023-06-26,0.5587458592732056,0.3839925188462063
2023-06-27,0.5587458592732056,-0.14598669252757002
2023-06-28,0.5587458592732056,-0.3731206402591884
2023-06-29,0.5587458592732056,1.292528309772678
2023-06-30,0.5587458592732056,0.9139717302199826
2023-07-03,0.5587458592732056,1.141105677951601
2023-07-05,0.5587458592732056,1.292528309772678
2023-07-06,0.5587458592732056,2.0496414688780726
2023-07-07,0.5587458592732056,2.1253527847886122
2023-07-10,0.5587458592732056,1.292528309772678
2023-07-11,0.5587458592732056,1.595373573414836
2023-07-12,0.5587458592732056,0.3082812029356668
2023-07-13,0.5587458592732056,-0.3731206402591884
2023-07-14,0.5587458592732056,-0.4488319561697262
2023-07-17,0.5587458592732056,-0.5245432720802673
2023-07-18,0.5587458592732056,0.3839925188462063
2023-07-19,0.5587458592732056,-0.22169800843810947
2023-07-20,0.5587458592732056,-0.22169800843810947
2023-07-21,0.5587458592732056,-0.22169800843810947
2023-07-24,0.5587458592732056,-0.6759659039013463
2023-07-25,0.5587458592732056,-0.14598669252757002
2023-07-26,0.5587458592732056,-0.3731206402591884
2023-07-27,0.5587458592732056,0.45970383475674403
2023-07-28,0.5587458592732056,0.3082812029356668
2023-07-31,0.5587458592732056,-0.4488319561697262
2023-08-01,0.5587458592732056,0.611126466577823
2023-08-02,0.5587458592732056,0.762549098398902
2023-08-03,0.5587458592732056,0.9896830461305218
2023-08-04,0.5587458592732056,-0.9030998516329647
2023-08-07,0.5587458592732056,-0.9030998516329647
2023-08-08,0.5587458592732056,-0.8273885357224252
2023-08-09,0.5587458592732056,-0.7516772198118857
2023-08-10,0.5461997359203901,1.1411056779515991
2023-08-11,0.11648502333212048,2.0496414688780726
2023-08-14,0.42632427989319344,1.746796205235915
2023-08-15,-0.33791795265862773,2.4281980484307684
2023-08-16,-1.0702020721088596,2.882465943894005
2023-08-17,-1.5536390768594952,3.2610225234467025
2023-08-18,-1.2045206351599205,3.2610225234467025
2023-08-21,-0.8851492929192666,3.7910017348204788
2023-08-22,-1.2381032106830965,3.7910017348204788
2023-08-23,-0.8268138698693717,2.3524867325202306
2023-08-24,-1.5198299311784464,3.033888575715084
2023-08-25,-0.8481996818448376,2.0496414688780726
2023-08-28,-1.0170761896326823,2.3524867325202288
2023-08-29,-0.3998328990542623,1.6710848893253754
2023-08-30,-0.050578310843638535,1.2925283097726796
2023-08-31,0.5587458592732056,0.9139717302199826
2023-09-01,0.5587458592732056,0.611126466577823
2023-09-05,0.5587458592732056,2.276775416609691
2023-09-06,0.052181287305251005,2.3524867325202306
2023-09-07,0.11682522021904203,2.1253527847886122
2023-09-08,0.5325030649838254,1.9739301529675333
2023-09-11,0.5587458592732056,1.292528309772678
2023-09-12,0.5587458592732056,0.9139717302199808
2023-09-13,0.377189731822065,0.45970383475674403
2023-09-14,0.5587458592732056,0.3839925188462063
2023-09-15,0.5587458592732056,0.08114725520404838
2023-09-18,0.5587458592732056,-0.14598669252757002
2023-09-19,0.5587458592732056,0.3839925188462063
2023-09-20,0.5587458592732056,-0.07027537661703055
2023-09-21,-0.049184423152987926,0.8382604143094413
2023-09-22,-0.7143281842872273,1.6710848893253738
2023-09-25,0.19382490872168412,1.9739301529675348
2023-09-26,-0.8960835982071564,2.276775416609691
2023-09-27,-1.1877364184359271,2.731043312072928
2023-09-28,-1.6067791323650686,2.731043312072928
2023-09-29,-1.9241447859235707,2.806754627983467
2023-10-02,-1.872530402522434,3.6395791029993982
2023-10-03,-2.609585808844499,3.9424243666415593
2023-10-04,-2.05390102746555,3.1095998916256233
2023-10-05,-1.7457323113222942,3.033888575715086
2023-10-06,-1.0180901649417857,3.8667130507310197
2023-10-09,-0.7772120237067889,3.8667130507310197
2023-10-10,-0.8446884803454493,3.033888575715084
2023-10-11,-0.368296019169907,2.3524867325202288
2023-10-12,-0.7304351328518265,3.185311207536163
2023-10-13,-1.3988487348187708,2.882465943894007
2023-10-16,-0.28190671155428937,2.806754627983467
2023-10-17,-0.31352830664713643,3.2610225234467025
2023-10-18,-0.8769819911915834,3.7910017348204805
2023-10-19,-0.8566993555083727,3.6395791029994013
2023-10-20,-0.64355518521489,3.4124451552677812
2023-10-23,-0.617910877230223,2.503909364341311
2023-10-24,-0.45299817739867104,2.6553319961623902
2023-10-25,-0.4358298915934643,2.503909364341308
2023-10-26,-1.0524864844392574,1.5196622575042964
2023-10-27,-1.5581995389617693,1.0653943620410598
2023-10-30,-0.8555825799476623,1.7467962052359132
2023-10-31,-0.525323651653971,1.5953735734148342
2023-11-01,0.5587458592732056,0.08114725520404838
2023-11-02,0.5587458592732056,-1.433079063006741
2023-11-03,0.5587458592732056,-1.7359243266488955
2023-11-06,0.5587458592732056,-1.2816564311856622
2023-11-07,0.5587458592732056,-2.1901922221121355
2023-11-08,0.5587458592732056,-1.5087903789172787
2023-11-09,0.2697235156106173,0.15685857111458953
2023-11-10,0.5587458592732056,-0.6002545879908051
2023-11-13,0.5587458592732056,0.15685857111458618
2023-11-14,0.5587458592732056,-1.3573677470961998
2023-11-15,0.5587458592732056,-1.5845016948278166
2023-11-16,0.5587458592732056,-2.2659035380226733
2023-11-17,0.5587458592732056,-2.568748801664831
2023-11-20,0.5587458592732056,-2.644460117575369
2023-11-21,0.5587458592732056,-2.2659035380226733
2023-11-22,0.5587458592732056,-2.1144809062015946
2023-11-24,0.5587458592732056,-2.4173261698437525
2023-11-27,0.5587458592732056,-2.038769590291053
2023-11-28,0.5587458592732056,-2.341614853933211
2023-11-29,0.5587458592732056,-2.947305381217527
2023-11-30,0.5587458592732056,-2.4930374857542903
2023-12-01,0.5587458592732056,-2.795882749396448
2023-12-04,0.5587458592732056,-1.5845016948278199
2023-12-05,0.5587458592732056,-1.3573677470962033
2023-12-06,0.5587458592732056,-2.1144809062015946
2023-12-07,0.5587458592732056,-1.7359243266488973
2023-12-08,0.5587458592732056,-1.054522483454042
2023-12-11,0.5587458592732056,-1.9630582743805156
2023-12-12,0.5587458592732056,-1.9630582743805156
2023-12-13,0.5587458592732056,-3.4015732766807636
2023-12-14,0.5587458592732056,-3.5529959085018445
2023-12-15,0.5587458592732056,-4.082975119875621
2023-12-18,0.5587458592732056,-3.4015732766807654
2023-12-19,0.5587458592732056,-3.2501506448596866
2023-12-20,0.5587458592732056,-3.477284592591305
2023-12-21,0.5587458592732056,-3.5529959085018445
2023-12-22,0.5587458592732056,-3.477284592591305
2023-12-26,0.5587458592732056,-3.8558411721440007
2023-12-27,0.5587458592732056,-4.15868643578616
2023-12-28,0.5587458592732056,-3.4015732766807654
2023-12-29,0.5587458592732056,-2.644460117575371
2024-01-02,0.5587458592732056,-3.0987280130386075
2024-01-03,0.5587458592732056,-2.2659035380226733
2024-01-04,0.5587458592732056,-2.341614853933211
2024-01-05,0.5587458592732056,-1.4330790630067376
2024-01-08,0.5587458592732056,-1.5087903789172787
2024-01-09,0.5587458592732056,-1.3573677470961998
2024-01-10,0.5587458592732056,-1.5845016948278183
2024-01-11,0.5587458592732056,-2.190192222112134
2024-01-12,0.5587458592732056,-2.7201714334859104
2024-01-16,0.5587458592732056,-0.903099851632963
2024-01-17,0.5587458592732056,0.6868377824883641
2024-01-18,0.5587458592732056,0.7625490983989036
2024-01-19,0.5587458592732056,0.4597038347567457
2024-01-22,0.5587458592732056,0.3839925188462063
2024-01-23,0.5587458592732056,1.2925283097726796
2024-01-24,0.5587458592732056,1.292528309772678
2024-01-25,0.5587458592732056,0.9896830461305218
2024-01-26,0.5587458592732056,0.9896830461305218
2024-01-29,0.5587458592732056,0.9896830461305218
2024-01-30,0.5587458592732056,0.8382604143094431
2024-01-31,0.5587458592732056,0.0054359392935089115
2024-02-01,0.5587458592732056,-0.5245432720802673
2024-02-02,0.5587458592732056,0.7625490983989036
2024-02-05,0.5587458592732056,0.9139717302199808
2024-02-06,0.5587458592732056,0.08114725520404838
2024-02-07,0.5587458592732056,0.4597038347567457
2024-02-08,0.5587458592732056,0.762549098398902
2024-02-09,0.5587458592732056,0.6868377824883625
2024-02-12,0.5587458592732056,1.2168169938621385
2024-02-13,0.5587458592732056,2.42819804843077
2024-02-14,0.5587458592732056,1.443950941593757
2024-02-15,0.5587458592732056,0.9896830461305202
2024-02-16,0.5587458592732056,1.2168169938621385
2024-02-20,0.5587458592732056,0.9896830461305202
2024-02-21,0.5587458592732056,1.292528309772678
2024-02-22,0.5587458592732056,1.2168169938621385
2024-02-23,0.5587458592732056,0.5354151506672852
2024-02-26,0.5587458592732056,0.8382604143094413
2024-02-27,0.5587458592732056,0.9896830461305202
2024-02-28,0.5587458592732056,1.1411056779515991
2024-02-29,0.5587458592732056,0.8382604143094413
2024-03-01,0.5587458592732056,0.9896830461305218
2024-03-04,0.5587458592732056,1.443950941593757
2024-03-05,0.5587458592732056,-0.14598669252757002
2024-03-06,0.5587458592732056,-0.7516772198118841
2024-03-07,0.5587458592732056,-0.3731206402591884
2024-03-08,0.5587458592732056,-0.4488319561697279
2024-03-11,0.5587458592732056,-0.6759659039013446
2024-03-12,0.5587458592732056,-0.5245432720802656
2024-03-13,0.5587458592732056,-0.3731206402591884
2024-03-14,0.5587458592732056,-0.2974093243486489
2024-03-15,0.5587458592732056,0.08114725520404838
2024-03-18,0.5587458592732056,0.611126466577823
2024-03-19,0.5587458592732056,0.15685857111458787
2024-03-20,0.5587458592732056,0.0054359392935089115
2024-03-21,0.5587458592732056,-0.4488319561697279
2024-03-22,0.5587458592732056,-1.205945115275121
2024-03-25,0.5587458592732056,-0.3731206402591884
2024-03-26,0.5587458592732056,-0.4488319561697279
2024-03-27,0.5587458592732056,-0.9030998516329647
2024-03-28,0.5587458592732056,-0.5245432720802673
2024-04-01,0.5587458592732056,0.3839925188462063
2024-04-02,0.5587458592732056,0.9139717302199808
2024-04-03,0.5587458592732056,0.8382604143094431
2024-04-04,0.5587458592732056,1.1411056779515991
2024-04-05,0.5587458592732056,1.5196622575042964
2024-04-08,0.5587458592732056,1.6710848893253754
2024-04-09,0.5587458592732056,1.3682396256832174
2024-04-10,0.5587458592732056,2.3524867325202288
2024-04-11,0.5587458592732056,2.201064100699152
2024-04-12,0.21059968099158216,1.595373573414836
2024-04-15,-0.3233230471300372,1.5196622575042982
2024-04-16,-0.0696012333025364,1.822507521146456
2024-04-17,-0.6617675545691112,1.216816993862142
2024-04-18,-1.0375971130699988,1.7467962052359165
2024-04-19,-1.9149263237056453,1.8225075211464543
2024-04-22,-1.6302460688940055,2.0496414688780726
2024-04-23,-0.9592904546487879,2.42819804843077
2024-04-24,-0.8461009480000986,2.3524867325202323
2024-04-25,-0.9427855219709169,2.6553319961623867
2024-04-26,-0.8904243700174748,2.6553319961623902
2024-04-29,-0.7059940948162372,2.503909364341311
2024-04-30,-1.4064160246502204,2.20106410069915
2024-05-01,-1.2533801898168415,1.8225075211464543
2024-05-02,-0.8490213210304578,1.5196622575042964
2024-05-03,0.3823319847068589,1.292528309772678
2024-05-06,0.3763066743790214,0.8382604143094431
2024-05-07,0.4038655741210981,0.762549098398902
2024-05-08,0.3501950339702321,1.2168169938621385
2024-05-09,0.5587458592732056,-0.22169800843810947
2024-05-10,0.5587458592732056,-0.07027537661703055
2024-05-13,0.5587458592732056,0.23256988702512732
2024-05-14,0.5587458592732056,-0.6759659039013463
2024-05-15,0.5587458592732056,-1.508790378917282
2024-05-16,0.5587458592732056,-1.0545224834540454
2024-05-17,0.5587458592732056,-1.1302337993645832
2024-05-20,0.5587458592732056,-0.8273885357224252
2024-05-21,0.5587458592732056,-0.9788111675435043
2024-05-22,0.5587458592732056,-0.8273885357224252
2024-05-23,0.5587458592732056,-0.6002545879908084
2024-05-24,0.5587458592732056,-1.13023379936458
2024-05-28,0.5587458592732056,-0.3731206402591884
2024-05-29,0.5587458592732056,0.15685857111458618
2024-05-30,0.5587458592732056,-0.7516772198118841
2024-05-31,0.5587458592732056,-0.7516772198118841
2024-06-03,0.5587458592732056,-1.054522483454042
2024-06-04,0.5587458592732056,-1.054522483454042
2024-06-05,0.5587458592732056,-1.2059451152751226
2024-06-06,0.5587458592732056,-1.205945115275121
2024-06-07,0.5587458592732056,-0.3731206402591884
2024-06-10,0.5587458592732056,0.15685857111458953
2024-06-11,0.5587458592732056,-0.3731206402591884
2024-06-12,0.5587458592732056,-0.5245432720802673
2024-06-13,0.5587458592732056,-0.7516772198118874
2024-06-14,0.5587458592732056,-0.22169800843810947
2024-06-17,0.5587458592732056,-0.14598669252756832
2024-06-18,0.5587458592732056,-0.7516772198118874
2024-06-20,0.5587458592732056,-0.903099851632963
2024-06-21,0.5587458592732056,-0.6002545879908051
2024-06-24,0.5587458592732056,-0.6002545879908084
2024-06-25,0.5587458592732056,-1.2816564311856622
2024-06-26,0.5587458592732056,-0.6759659039013463
2024-06-27,0.5587458592732056,-1.3573677470962033
2024-06-28,0.5587458592732056,-1.3573677470961998
2024-07-01,0.5587458592732056,-0.29740932434864725
2024-07-02,0.5587458592732056,-0.29740932434865064
2024-07-03,0.5587458592732056,0.0054359392935072305
2024-07-05,0.5587458592732056,-0.22169800843810947
2024-07-08,0.5587458592732056,0.0811472552040467
2024-07-09,0.5587458592732056,0.23256988702512732
2024-07-10,0.5587458592732056,-0.9788111675435043
2024-07-11,0.5587458592732056,-1.6602130107383595
2024-07-12,0.5587458592732056,-1.433079063006741
2024-07-15,0.5587458592732056,-1.054522483454042
2024-07-16,0.5587458592732056,-0.9788111675435025
2024-07-17,0.5587458592732056,-1.054522483454042
2024-07-18,0.5587458592732056,-1.3573677470962016
2024-07-19,0.5587458592732056,-0.6759659039013446
2024-07-22,0.5587458592732056,-0.3731206402591884
2024-07-23,0.5587458592732056,-0.5245432720802673
2024-07-24,0.4172683671208411,-0.29740932434864725
2024-07-25,-0.0404377696089307,-0.2216980084381078
2024-07-26,0.45899866570323594,-1.0545224834540436
2024-07-29,0.408916851317627,-0.903099851632963
2024-07-30,0.3513195607543245,-1.433079063006741
2024-07-31,0.5587458592732056,-2.4173261698437525
2024-08-01,0.0030276500244514363,-2.644460117575369
2024-08-02,-1.1526392164581738,-2.5687488016648294
2024-08-05,-2.857240308145688,-2.2659035380226733
2024-08-06,-2.4750935375693763,-1.811635642559435
2024-08-07,-2.8408407337065076,-1.5087903789172787
2024-08-08,-2.219614604902163,-1.13023379936458
2024-08-09,-1.5876952316431314,-0.903099851632963
2024-08-12,-1.8675223769014933,-1.205945115275121
2024-08-13,-1.2061693787384251,-1.5845016948278183
2024-08-14,-1.3415929493995473,-1.1302337993645815
2024-08-15,0.20542432936265562,-0.8273885357224235
2024-08-16,0.5587458592732056,-0.6759659039013446
2024-08-19,0.5587458592732056,-1.1302337993645815
2024-08-20,0.5587458592732056,-1.6602130107383577
2024-08-21,0.5587458592732056,-1.8873469584699762
2024-08-22,0.5587458592732056,-1.8873469584699762
2024-08-23,0.5587458592732056,-2.4173261698437525
2024-08-26,0.5587458592732056,-2.038769590291055
2024-08-27,0.5587458592732056,-1.8873469584699762
2024-08-28,0.5587458592732056,-1.6602130107383577
2024-08-29,0.5587458592732056,-1.1302337993645832
2024-08-30,0.5587458592732056,-0.2974093243486489
2024-09-03,0.5587458592732056,-0.2974093243486489
2024-09-04,0.5587458592732056,-0.14598669252757002
2024-09-05,0.5587458592732056,-0.6759659039013463
2024-09-06,0.5587458592732056,-1.2816564311856622
2024-09-09,0.5587458592732056,-1.6602130107383595
2024-09-10,0.5587458592732056,-1.6602130107383595
2024-09-11,0.5587458592732056,-1.4330790630067394
2024-09-12,0.5587458592732056,-1.0545224834540436
2024-09-13,0.5587458592732056,-1.5087903789172787
2024-09-16,0.5587458592732056,-2.038769590291055
2024-09-17,0.5587458592732056,-2.190192222112134
2024-09-18,0.5587458592732056,-1.6602130107383577
2024-09-19,0.5587458592732056,-1.5087903789172787
2024-09-20,0.5587458592732056,-1.1302337993645815
2024-09-23,0.5587458592732056,-1.4330790630067394
2024-09-24,0.5587458592732056,-1.054522483454042
2024-09-25,0.5587458592732056,-0.5245432720802656
2024-09-26,0.5587458592732056,-0.4488319561697279
2024-09-27,0.5587458592732056,-0.7516772198118841
2024-09-30,0.5587458592732056,-0.6759659039013463
2024-10-01,0.5587458592732056,-1.6602130107383577
2024-10-02,0.5587458592732056,-1.205945115275121
2024-10-03,0.5587458592732056,-0.5245432720802673
2024-10-04,0.5587458592732056,0.3082812029356668
2024-10-07,0.5587458592732056,0.4597038347567457
2024-10-08,0.5587458592732056,0.7625490983989036
2024-10-09,0.5587458592732056,0.9896830461305218
2024-10-10,0.5587458592732056,1.0653943620410598
2024-10-11,0.5587458592732056,0.8382604143094431
2024-10-14,0.5587458592732056,0.8382604143094431
2024-10-15,0.5587458592732056,1.2168169938621385
2024-10-16,0.5587458592732056,1.5196622575042964
2024-10-17,0.5587458592732056,1.8982188370569937
2024-10-18,0.5587458592732056,1.3682396256832174
2024-10-21,0.5587458592732056,2.3524867325202288
2024-10-22,0.5587458592732056,2.1253527847886122
2024-10-23,0.5587458592732056,2.579620680251847
2024-10-24,0.5587458592732056,2.6553319961623867
2024-10-25,0.5587458592732056,2.579620680251847
2024-10-28,0.5587458592732056,2.6553319961623885
2024-10-29,0.5587458592732056,2.806754627983466
2024-10-30,0.5587458592732056,2.3524867325202306
2024-10-31,0.539080662201289,2.9581772598045446
2024-11-01,0.5587458592732056,3.4124451552677812
2024-11-04,0.2774344436777971,2.882465943894005
2024-11-05,0.5587458592732056,1.746796205235915
2024-11-06,0.5587458592732056,2.0496414688780726
2024-11-07,0.5587458592732056,1.5196622575042964
2024-11-08,0.5587458592732056,1.292528309772678
2024-11-11,0.5587458592732056,1.292528309772678
2024-11-12,0.5587458592732056,2.3524867325202306
2024-11-13,0.5587458592732056,2.503909364341308
2024-11-14,0.5587458592732056,2.579620680251849
2024-11-15,0.5587458592732056,2.579620680251849
2024-11-18,0.5587458592732056,2.1253527847886122
2024-11-19,0.5587458592732056,2.049641468878071
2024-11-20,0.5587458592732056,1.2925283097726796
2024-11-21,0.5587458592732056,1.5953735734148342
2024-11-22,0.5587458592732056,0.9896830461305202
2024-11-25,0.5587458592732056,0.4597038347567457
2024-11-26,0.5587458592732056,0.3839925188462063
2024-11-27,0.5587458592732056,-0.07027537661703055
2024-11-29,0.5587458592732056,-0.5245432720802673
2024-12-02,0.5587458592732056,-0.22169800843810947
2024-12-03,0.5587458592732056,-0.07027537661703055
2024-12-04,0.5587458592732056,-1.1302337993645832
2024-12-05,0.5587458592732056,-0.903099851632963
2024-12-06,0.5587458592732056,-0.6759659039013463
2024-12-09,0.5587458592732056,-0.9030998516329647
2024-12-10,0.5587458592732056,-0.4488319561697279
2024-12-11,0.5587458592732056,0.0054359392935089115
2024-12-12,0.5587458592732056,-0.6759659039013463
2024-12-13,0.5587458592732056,-0.22169800843810947
2024-12-16,0.5587458592732056,-0.29740932434865064
2024-12-17,0.5587458592732056,-0.14598669252757168
2024-12-18,0.39707666403997605,0.6868377824883641
2024-12-19,0.1969545391670867,1.6710848893253754
2024-12-20,0.5587458592732056,1.2168169938621385
2024-12-23,0.5587458592732056,1.2925283097726796
2024-12-24,0.5587458592732056,1.216816993862142
2024-12-26,0.5587458592732056,1.8225075211464543
2024-12-27,0.25080430411277443,1.8982188370569921
2024-12-30,-0.1740865124434745,1.822507521146456
2024-12-31,-0.6646956028039152,2.3524867325202323
2025-01-02,-0.8751928730760727,2.201064100699152
2025-01-03,-0.28053513476109304,2.2767754166096896
2025-01-06,-0.3028428126784254,2.806754627983466
2025-01-07,-0.786449627338384,2.731043312072928
2025-01-08,-0.8079126954966372,2.6553319961623885
2025-01-10,-1.3111660157893799,3.033888575715084
2025-01-13,-1.0822222202126264,2.806754627983466
2025-01-14,-1.3925385663871357,2.503909364341308
2025-01-15,-0.24521949900793538,1.216816993862142
2025-01-16,-0.3315369677373285,0.8382604143094431
2025-01-17,-0.04450150982396738,0.7625490983989053
2025-01-21,0.5587458592732056,0.0054359392935072305
2025-01-22,0.5587458592732056,-0.6759659039013429
2025-01-23,0.5587458592732056,-0.07027537661703055
2025-01-24,0.5587458592732056,-0.6002545879908051
2025-01-27,0.5587458592732056,-0.9030998516329664
2025-01-28,0.5587458592732056,-0.8273885357224252
2025-01-29,0.5587458592732056,-1.054522483454042
2025-01-30,0.5587458592732056,-0.8273885357224252
2025-01-31,0.5587458592732056,-0.6759659039013463
2025-02-03,0.5587458592732056,-1.1302337993645832
2025-02-04,0.5587458592732056,-1.4330790630067376
2025-02-05,0.5587458592732056,-2.1144809062015946
2025-02-06,0.5587458592732056,-2.0387695902910568
2025-02-07,0.5587458592732056,-1.5845016948278199
2025-02-10,0.5587458592732056,-1.7359243266488988
2025-02-11,0.5587458592732056,-2.038769590291053
2025-02-12,0.5587458592732056,-1.4330790630067376
2025-02-13,0.5587458592732056,-2.038769590291053
2025-02-14,0.5587458592732056,-1.5845016948278199
2025-02-18,0.5587458592732056,-0.7516772198118841
2025-02-19,0.5587458592732056,-0.9788111675435043
2025-02-20,0.5587458592732056,-1.1302337993645832
2025-02-21,0.013731032487469009,-1.5845016948278199
2025-02-24,-0.487005047891851,-1.9630582743805156
2025-02-25,-0.5895896150660485,-2.1901922221121355
2025-02-26,0.14897563881669706,-1.8873469584699762
2025-02-27,-1.0789809255059442,-1.6602130107383577
2025-02-28,-0.0859441121476677,-2.265903538022672
2025-03-03,-1.2288373859659212,-2.644460117575371
2025-03-04,-1.550175721235778,-2.2659035380226733
2025-03-05,-0.692559274539345,-1.205945115275121
2025-03-06,-1.8976055890853032,-1.0545224834540436
2025-03-07,-1.8228871331976229,-0.2216980084381078
2025-03-10,-3.277246192006808,-0.9788111675435025
2025-03-11,-3.2373602687152645,-0.8273885357224235
2025-03-12,-3.3067458823550413,-0.6759659039013446
2025-03-13,-3.9682971360293906,-0.8273885357224252
2025-03-14,-2.8586748499820014,-1.2059451152751244
2025-03-17,-2.9922515231891604,-0.5245432720802673
2025-03-18,-3.5011764184595715,-0.4488319561697279
2025-03-19,-3.1300564150233248,-1.2816564311856622
2025-03-20,-3.3769185719462693,-1.2059451152751226
2025-03-21,-3.165378430514379,-1.054522483454042
2025-03-24,-1.4866997120393173,-0.22169800843810947
2025-03-25,-1.1457548299843723,-0.22169800843810947
2025-03-26,-1.4897566621778378,0.3839925188462063
2025-03-27,-1.6439185159499607,0.6868377824883641
2025-03-28,-1.850379039840027,-0.22169800843810947
2025-03-31,-2.2745242137075095,-0.14598669252757002
2025-04-01,-1.2802530229333315,0.23256988702512732
2025-04-02,-0.3793083546102685,0.0054359392935072305
2025-04-03,-3.34353837198342,-1.2816564311856604
2025-04-04,-5.2932022166383295,-0.9788111675435025
2025-04-07,-5.623701726306771,-0.2974093243486489
2025-04-08,-5.120169147324917,0.9139717302199826
2025-04-09,0.04198273785175216,0.6868377824883625
2025-04-10,-2.4175775009363085,1.595373573414836
2025-04-11,-0.9050580632242533,2.20106410069915
2025-04-14,-1.4350852233725642,0.9896830461305218
2025-04-15,-1.9447450980135828,0.9896830461305218
2025-04-16,-2.5028598410237857,0.9139717302199826
2025-04-17,-2.9502527883297653,1.2168169938621385
2025-04-21,-3.943044029925261,1.9739301529675348
2025-04-22,-2.7528782082704644,1.5953735734148375
2025-04-23,-2.8655722842143136,0.9139717302199808
2025-04-24,-1.9834395101041469,0.3839925188462063
2025-04-25,-1.046529172267537,0.23256988702512732
2025-04-28,-0.8965690727476716,-0.14598669252757002
2025-04-29,0.43611925219760744,0.3839925188462063
2025-04-30,0.11786890877140317,0.611126466577823
2025-05-01,0.33213196151652813,1.1411056779515991
2025-05-02,0.5587458592732056,1.2925283097726796
2025-05-05,0.5587458592732056,2.201064100699152
2025-05-06,0.5587458592732056,1.5196622575042964
2025-05-07,0.5587458592732056,0.30828120293566513
2025-05-08,0.5587458592732056,0.23256988702512732
2025-05-09,0.5587458592732056,0.0054359392935105924
2025-05-12,0.5587458592732056,-0.4488319561697262
2025-05-13,0.5587458592732056,-0.903099851632963
2025-05-14,0.5587458592732056,0.0054359392935105924
2025-05-15,0.5587458592732056,-0.44883195616972954
2025-05-16,0.5587458592732056,-0.29740932434865064
2025-05-19,0.5587458592732056,-0.14598669252756832
2025-05-20,0.5587458592732056,-0.6002545879908084
2025-05-21,0.5587458592732056,0.611126466577823
2025-05-22,0.5587458592732056,0.6111264665778263
2025-05-23,0.5587458592732056,1.141105677951601
2025-05-27,0.5587458592732056,0.611126466577823
2025-05-28,0.5587458592732056,1.2168169938621385
2025-05-29,0.5587458592732056,1.0653943620410598
2025-05-30,0.5587458592732056,0.9139717302199808
2025-06-02,0.5587458592732056,0.9139717302199808
2025-06-03,0.5587458592732056,0.5354151506672852
2025-06-04,0.5587458592732056,-0.22169800843810947
2025-06-05,0.5587458592732056,0.45970383475674403
2025-06-06,0.5587458592732056,1.368239625683221
2025-06-09,0.5587458592732056,0.6868377824883641
2025-06-10,0.5587458592732056,0.6868377824883641
2025-06-11,0.5587458592732056,-0.22169800843810947
2025-06-12,0.5587458592732056,-0.5245432720802673
2025-06-13,0.5587458592732056,-0.29740932434865064
2025-06-16,0.5587458592732056,0.30828120293566846
2025-06-17,0.5587458592732056,-0.14598669252756832
2025-06-18,0.5587458592732056,-0.29740932434865064
2025-06-20,0.5587458592732056,-0.6759659039013463
2025-06-23,0.5587458592732056,-1.5087903789172787
2025-06-24,0.5587458592732056,-1.508790378917282
2025-06-25,0.5587458592732056,-1.3573677470962033
2025-06-26,0.5587458592732056,-1.054522483454042
2025-06-27,0.5587458592732056,-1.205945115275121
2025-06-30,0.5587458592732056,-1.2816564311856604
2025-07-01,0.5587458592732056,-0.8273885357224235
2025-07-02,0.5587458592732056,-1.054522483454042
2025-07-03,0.5587458592732056,-0.9788111675435043
2025-07-07,0.5587458592732056,-0.14598669252757168
2025-07-08,0.5587458592732056,-0.3731206402591884
2025-07-09,0.5587458592732056,-1.508790378917282
2025-07-10,0.5587458592732056,-1.3573677470962033
2025-07-11,0.5587458592732056,-0.9788111675435043
2025-07-14,0.5587458592732056,-0.8273885357224252
2025-07-15,0.5587458592732056,-0.22169800843810947
2025-07-16,0.5587458592732056,-0.6759659039013463
2025-07-17,0.5587458592732056,-0.9788111675435043
2025-07-18,0.5587458592732056,-0.44883195616972954
2025-07-21,0.5587458592732056,-0.7516772198118841
2025-07-22,0.5587458592732056,-0.7516772198118841
2025-07-23,0.5587458592732056,-0.14598669252757168
2025-07-24,0.5587458592732056,-0.29740932434864725
2025-07-25,0.5587458592732056,-0.4488319561697262
2025-07-28,0.5587458592732056,-0.07027537661703055
2025-07-29,0.5587458592732056,-0.7516772198118857
2025-07-30,0.5587458592732056,0.0054359392935089115
2025-07-31,0.5587458592732056,0.0054359392935089115
2025-08-01,0.5587458592732056,-0.8273885357224252
2025-08-04,0.5587458592732056,-1.3573677470961998
2025-08-05,0.5587458592732056,-1.5087903789172772
2025-08-06,0.5587458592732056,-1.5087903789172787
2025-08-07,0.5587458592732056,-1.054522483454042
2025-08-08,0.5587458592732056,-1.054522483454042
2025-08-11,0.5587458592732056,-1.5087903789172787
2025-08-12,0.5587458592732056,-1.0545224834540436
2025-08-13,0.5587458592732056,-1.7359243266488955
2025-08-14,0.5587458592732056,-1.205945115275121
2025-08-15,0.5587458592732056,-0.7516772198118857
2025-08-18,0.5587458592732056,-0.6002545879908051
2025-08-19,0.5587458592732056,-0.2974093243486489
2025-08-20,0.5587458592732056,-0.22169800843810947
2025-08-21,0.5587458592732056,-0.7516772198118841
2025-08-22,0.5587458592732056,-1.054522483454042
2025-08-25,0.5587458592732056,-0.7516772198118841
2025-08-26,0.5587458592732056,-1.1302337993645815
2025-08-27,0.5587458592732056,-0.8273885357224235
2025-08-28,0.5587458592732056,-1.205945115275121
2025-08-29,0.5587458592732056,-1.2816564311856604
2025-09-02,0.5587458592732056,-0.29740932434864725
2025-09-03,0.5587458592732056,-0.2974093243486489
2025-09-04,0.5587458592732056,-0.6002545879908068
2025-09-05,0.5587458592732056,-1.205945115275121
2025-09-08,0.5587458592732056,-1.4330790630067394
2025-09-09,0.5587458592732056,-1.2816564311856604
2025-09-10,0.5587458592732056,-1.433079063006741
2025-09-11,0.5587458592732056,-1.8873469584699762
2025-09-12,0.5587458592732056,-1.3573677470962016
2025-09-15,0.5587458592732056,-1.7359243266488973
2025-09-16,0.5587458592732056,-2.190192222112134
2025-09-17,0.5587458592732056,-2.190192222112134
2025-09-18,0.5587458592732056,-1.7359243266488973
2025-09-19,0.5587458592732056,-1.5087903789172787
2025-09-22,0.5587458592732056,-1.2816564311856604
2025-09-23,0.5587458592732056,-0.8273885357224252
2025-09-24,0.5587458592732056,-0.7516772198118857
2025-09-25,0.5587458592732056,-0.3731206402591884
2025-09-26,0.5587458592732056,0.0054359392935089115
2025-09-29,0.5587458592732056,-0.14598669252757002
2025-09-30,0.5587458592732056,-0.22169800843810947
2025-10-01,0.5587458592732056,-0.8273885357224252
2025-10-02,0.5587458592732056,-0.5245432720802673
2025-10-03,0.5587458592732056,0.0054359392935089115
2025-10-06,0.5587458592732056,0.7625490983989036
2025-10-07,0.5587458592732056,0.6111264665778247
2025-10-08,0.5587458592732056,0.3839925188462063
2025-10-09,0.5587458592732056,0.7625490983989036
2025-10-10,0.34227496623048026,0.5354151506672852
2025-10-13,0.5587458592732056,0.5354151506672852
2025-10-14,0.5587458592732056,0.15685857111458787
2025-10-15,0.5587458592732056,0.5354151506672852
2025-10-16,0.5587458592732056,0.23256988702512732
2025-10-17,0.5587458592732056,0.4597038347567457
2025-10-20,0.5587458592732056,0.0054359392935089115
2025-10-21,0.5587458592732056,-0.4488319561697279
2025-10-22,0.5587458592732056,-0.8273885357224252
2025-10-23,0.5587458592732056,-0.3731206402591884
2025-10-24,0.5587458592732056,-0.4488319561697279
2025-10-27,0.5587458592732056,-0.6002545879908068
2025-10-28,0.5587458592732056,-0.9030998516329647
2025-10-29,0.5587458592732056,-0.22169800843810947
2025-10-30,0.5587458592732056,0.08114725520404838
2025-10-31,0.5587458592732056,0.23256988702512732
2025-11-03,0.5587458592732056,0.3839925188462063
2025-11-04,0.5587458592732056,0.0054359392935089115
2025-11-05,0.5587458592732056,0.15685857111458787
2025-11-06,0.3472259196911798,0.23256988702512732
2025-11-07,0.544347779770984,0.3082812029356668
2025-11-10,0.5587458592732056,0.23256988702512732
2025-11-11,0.5587458592732056,0.23256988702512732
2025-11-12,0.5587458592732056,0.3839925188462063
2025-11-13,0.5587458592732056,0.6868377824883641
2025-11-14,0.5587458592732056,0.6868377824883641
2025-11-17,0.5587458592732056,0.9896830461305218
2025-11-18,-0.29113555023076954,0.6868377824883641
2025-11-19,-0.09722566665384089,0.8382604143094431
2025-11-20,-0.6039764689669145,1.141105677951601
2025-11-21,-0.4048547358069661,0.9896830461305218
2025-11-24,-0.08095417880501404,0.6868377824883641
2025-11-25,-0.1996454931278341,0.3839925188462063
2025-11-26,0.012555238698867153,0.23256988702512732
2025-11-28,0.2628486548136505,0.5354151506672852
2025-12-01,0.5587458592732056,0.4597038347567457
2025-12-02,0.5192347589468838,0.15685857111458787
2025-12-03,0.5587458592732056,0.0054359392935089115
2025-12-04,0.5587458592732056,0.15685857111458787
2025-12-05,0.5587458592732056,0.45970383475674403
2025-12-08,0.5587458592732056,0.23256988702512565
2025-12-09,0.5587458592732056,0.611126466577823
2025-12-10,0.5587458592732056,0.30828120293566513
2025-12-11,0.5587458592732056,0.30828120293566513
2025-12-12,0.4382034921074745,0.8382604143094413
2025-12-15,0.5587458592732056,0.6868377824883625
2025-12-16,0.5587458592732056,0.38399251884620456
2025-12-17,0.5587458592732056,0.45970383475674403
2025-12-18,0.5587458592732056,0.15685857111458618
2025-12-19,0.5587458592732056,0.38399251884620456
2025-12-22,0.5587458592732056,0.5354151506672835
2025-12-23,0.5587458592732056,0.8382604143094413
2025-12-24,0.5587458592732056,0.6868377824883625
2025-12-26,0.5587458592732056,0.8382604143094413
2025-12-29,0.5587458592732056,0.9139717302199808
2025-12-30,0.5587458592732056,0.762549098398902
2025-12-31,0.5587458592732056,0.5354151506672835
2026-01-02,0.5587458592732056,0.611126466577823
2026-01-05,0.5587458592732056,0.611126466577823
2026-01-06,0.5587458592732056,0.38399251884620456
2026-01-07,0.5587458592732056,-0.07027537661703055
2026-01-08,0.5587458592732056,0.0054359392935089115
2026-01-09,0.5587458592732056,-0.22169800843810947
2026-01-12,0.5587458592732056,0.08114725520404838
2026-01-13,0.5587458592732056,-0.14598669252757002
2026-01-14,0.5587458592732056,-0.6002545879908051
2026-01-15,0.5587458592732056,-0.4488319561697279
2026-01-16,0.5587458592732056,-0.14598669252757002
2026-01-20,0.5587458592732056,0.3082812029356668
2026-01-21,0.5587458592732056,0.23256988702512732
2026-01-22,0.5587458592732056,0.15685857111458787
2026-01-23,0.5587458592732056,-0.22169800843810947
2026-01-26,0.5587458592732056,-0.3731206402591884
2026-01-27,0.5587458592732056,-0.14598669252757002
2026-01-28,0.5587458592732056,-0.14598669252757002
2026-01-29,0.5587458592732056,-0.14598669252757002
2026-01-30,0.5587458592732056,-0.07027537661703055
2026-02-02,0.5587458592732056,0.0054359392935089115
2026-02-03,0.5587458592732056,-0.22169800843810947
2026-02-04,0.44562068547400674,0.15685857111458787
2026-02-05,-0.4842387742028803,-0.22169800843810947
2026-02-06,0.5587458592732056,-0.07027537661703055
2026-02-09,0.5587458592732056,-0.4488319561697262
2026-02-10,0.41588342724826494,-0.5245432720802656
2026-02-11,0.3246786303049518,-0.37312064025918673
2026-02-12,-0.35742776818411515,-0.6759659039013446
2026-02-13,-0.0754321660548641,-0.7516772198118857
2026-02-17,-0.13100679317496863,-0.7516772198118841
2026-02-18,0.16395857854575363,-0.903099851632963
2026-02-19,0.5587458592732056,-1.4330790630067394
2026-02-20,0.5587458592732056,-0.9788111675435025
2026-02-23,0.07238282289210865,-1.4330790630067394
2026-02-24,0.4200456684773806,-1.1302337993645815
2026-02-25,0.5587458592732056,-1.054522483454042
2026-02-26,0.10617703994412124,-1.2816564311856604
2026-02-27,-0.13077495110979157,-1.4330790630067394
2026-03-02,-0.002464728025217452,-1.054522483454042
2026-03-03,-0.2966091823602052,-1.054522483454042
2026-03-04,-0.1929401639020593,-1.1302337993645815
2026-03-05,-0.04743669345325869,-0.8273885357224235
2026-03-06,-0.46462594469081653,-1.1302337993645815
2026-03-09,0.5587458592732056,-0.903099851632963
2026-03-10,-0.4308171373729195,-0.5245432720802656
2026-03-11,-0.7323596549223247,-0.22169800843810947
2026-03-12,-1.3558478385090453,0.30828120293566513
2026-03-13,-1.6215774620930596,0.38399251884620456
2026-03-16,-0.3548327888737326,0.4597038347567457
2026-03-17,-0.2587211099419603,0.3839925188462063
2026-03-18,-1.0363154025351475,0.4597038347567457
2026-03-19,-1.403972339252805,0.5354151506672835
2026-03-20,-1.9773749274662047,1.5953735734148342
2026-03-23,-1.820614126166324,1.5196622575042948
2026-03-24,-1.4849520499858804,2.1253527847886122
2026-03-25,-1.567113983134773,1.746796205235915
2026-03-26,-2.837673638588832,2.276775416609691
2026-03-27,-3.3863044378140037,2.882465943894005
2026-03-30,-3.317565615309378,2.3524867325202306
2026-03-31,-1.9796309167318653,1.746796205235915
